race_id,date,time,track,race_no,trap,dog,win_prob,fair_odds,rank,confidence,data_completeness,generated_at
88148,2026-08-01,13:49,Youghal,1,4,SIRIUS DAWN,0.2662,3.76,1,avoid,0.973,2026-08-01T18:07:23Z
88148,2026-08-01,13:49,Youghal,1,1,ARDRATH JEWEL,0.2605,3.84,2,avoid,0.955,2026-08-01T18:07:23Z
88148,2026-08-01,13:49,Youghal,1,5,WAGGA CARR ON,0.2527,3.96,3,avoid,0.964,2026-08-01T18:07:23Z
88148,2026-08-01,13:49,Youghal,1,3,WITCHES ADDIS,0.1245,8.04,4,avoid,0.955,2026-08-01T18:07:23Z
88148,2026-08-01,13:49,Youghal,1,2,SLANEYSIDE RIAN,0.0656,15.23,5,avoid,0.938,2026-08-01T18:07:23Z
88148,2026-08-01,13:49,Youghal,1,6,WARRIORS WAY,0.0305,32.82,6,avoid,0.973,2026-08-01T18:07:23Z
88149,2026-08-01,14:08,Youghal,2,6,SLANEYSIDE JEN,0.4572,2.19,1,strong,0.964,2026-08-01T18:07:23Z
88149,2026-08-01,14:08,Youghal,2,5,NEWTOWN MINNIE,0.1642,6.09,2,strong,0.964,2026-08-01T18:07:23Z
88149,2026-08-01,14:08,Youghal,2,1,GARRYVOE BULLET,0.1534,6.52,3,strong,0.938,2026-08-01T18:07:23Z
88149,2026-08-01,14:08,Youghal,2,4,WITCHES SOUTH,0.1428,7.0,4,strong,0.973,2026-08-01T18:07:23Z
88149,2026-08-01,14:08,Youghal,2,3,SKYLIGHT JACKO,0.0617,16.21,5,strong,0.973,2026-08-01T18:07:23Z
88149,2026-08-01,14:08,Youghal,2,2,CAVIES ELLA,0.0208,48.03,6,strong,0.929,2026-08-01T18:07:23Z
88150,2026-08-01,14:26,Youghal,3,3,WITCHES NORTH,0.4573,2.19,1,strong,0.938,2026-08-01T18:07:23Z
88150,2026-08-01,14:26,Youghal,3,4,ROKO,0.1377,7.26,2,strong,0.973,2026-08-01T18:07:23Z
88150,2026-08-01,14:26,Youghal,3,5,JOYCES MELODY,0.1328,7.53,3,strong,0.946,2026-08-01T18:07:23Z
88150,2026-08-01,14:26,Youghal,3,6,HOLLYHILL VAUBAN,0.1287,7.77,4,strong,0.964,2026-08-01T18:07:23Z
88150,2026-08-01,14:26,Youghal,3,1,HEDIDITAGAIN,0.1271,7.87,5,strong,0.955,2026-08-01T18:07:23Z
88150,2026-08-01,14:26,Youghal,3,2,CAVIES SPIKE,0.0164,61.05,6,strong,0.946,2026-08-01T18:07:23Z
88151,2026-08-01,14:44,Youghal,4,6,GROUCHOS BENN,0.3744,2.67,1,strong,0.946,2026-08-01T18:07:23Z
88151,2026-08-01,14:44,Youghal,4,3,WITCHES IRIS,0.1782,5.61,2,strong,0.938,2026-08-01T18:07:23Z
88151,2026-08-01,14:44,Youghal,4,1,GROUNDWORK,0.1448,6.91,3,strong,0.938,2026-08-01T18:07:23Z
88151,2026-08-01,14:44,Youghal,4,2,KIND BESSY,0.1388,7.2,4,strong,0.938,2026-08-01T18:07:23Z
88151,2026-08-01,14:44,Youghal,4,4,LUCKY STEEN,0.1106,9.04,5,strong,0.946,2026-08-01T18:07:23Z
88151,2026-08-01,14:44,Youghal,4,5,CAIREAL FIRE,0.0531,18.83,6,strong,0.938,2026-08-01T18:07:23Z
88152,2026-08-01,15:03,Youghal,5,4,CAREFREE SWIFT,0.3778,2.65,1,moderate,0.929,2026-08-01T18:07:23Z
88152,2026-08-01,15:03,Youghal,5,2,SEAVIEW CIAN,0.2668,3.75,2,moderate,0.938,2026-08-01T18:07:23Z
88152,2026-08-01,15:03,Youghal,5,5,LAKOTA,0.1542,6.49,3,moderate,0.938,2026-08-01T18:07:23Z
88152,2026-08-01,15:03,Youghal,5,1,RINGS COCO,0.1439,6.95,4,moderate,0.938,2026-08-01T18:07:23Z
88152,2026-08-01,15:03,Youghal,5,6,LUCKY HEATHER,0.051,19.62,5,moderate,0.92,2026-08-01T18:07:23Z
88152,2026-08-01,15:03,Youghal,5,3,INNISKEEN PAUDI,0.0064,157.39,6,moderate,0.902,2026-08-01T18:07:23Z
88153,2026-08-01,15:22,Youghal,6,1,KERRYROAD TULIP,0.2499,4.0,1,weak,0.946,2026-08-01T18:07:23Z
88153,2026-08-01,15:22,Youghal,6,5,WITCHES BRONTE,0.1935,5.17,2,weak,0.946,2026-08-01T18:07:23Z
88153,2026-08-01,15:22,Youghal,6,3,SEAVIEW DEISE,0.1825,5.48,3,weak,0.929,2026-08-01T18:07:23Z
88153,2026-08-01,15:22,Youghal,6,4,HOLLYHILL LUCA,0.1538,6.5,4,weak,0.964,2026-08-01T18:07:23Z
88153,2026-08-01,15:22,Youghal,6,6,SLANEYSIDE PEDRO,0.1135,8.81,5,weak,0.973,2026-08-01T18:07:23Z
88153,2026-08-01,15:22,Youghal,6,2,WATCH OUT HOLLY,0.1068,9.36,6,weak,0.973,2026-08-01T18:07:23Z
88154,2026-08-01,15:41,Youghal,7,6,BARNFIELD JIGGER,0.2588,3.86,1,weak,0.964,2026-08-01T18:07:23Z
88154,2026-08-01,15:41,Youghal,7,3,SPECK,0.2056,4.86,2,weak,0.964,2026-08-01T18:07:23Z
88154,2026-08-01,15:41,Youghal,7,4,CHINUP DRIVEON,0.176,5.68,3,weak,0.92,2026-08-01T18:07:23Z
88154,2026-08-01,15:41,Youghal,7,1,DOWER MADDIE,0.1337,7.48,4,weak,0.973,2026-08-01T18:07:23Z
88154,2026-08-01,15:41,Youghal,7,2,WITCHES TOWN,0.1201,8.33,5,weak,0.973,2026-08-01T18:07:23Z
88154,2026-08-01,15:41,Youghal,7,5,CANVAS KELLIE,0.1059,9.45,6,weak,0.964,2026-08-01T18:07:23Z
88155,2026-08-01,15:59,Youghal,8,3,SLANEYSIDE FIFI,0.2663,3.76,1,avoid,0.973,2026-08-01T18:07:23Z
88155,2026-08-01,15:59,Youghal,8,6,CHAOTIC COMET,0.2304,4.34,2,avoid,0.938,2026-08-01T18:07:23Z
88155,2026-08-01,15:59,Youghal,8,5,SLAHENY STEEPLE,0.1984,5.04,3,avoid,0.973,2026-08-01T18:07:23Z
88155,2026-08-01,15:59,Youghal,8,1,MOYNE MAESTRO,0.1595,6.27,4,avoid,0.946,2026-08-01T18:07:23Z
88155,2026-08-01,15:59,Youghal,8,4,CANVAS HOLLY,0.0831,12.03,5,avoid,0.964,2026-08-01T18:07:23Z
88155,2026-08-01,15:59,Youghal,8,2,WITCHES LARRY,0.0624,16.04,6,avoid,0.938,2026-08-01T18:07:23Z
88156,2026-08-01,16:18,Youghal,9,1,CAIREAL GOLD,0.2853,3.5,1,weak,0.938,2026-08-01T18:07:23Z
88156,2026-08-01,16:18,Youghal,9,3,LANG SHINING,0.237,4.22,2,weak,0.929,2026-08-01T18:07:23Z
88156,2026-08-01,16:18,Youghal,9,4,WITCHES BONGA,0.2182,4.58,3,weak,0.964,2026-08-01T18:07:23Z
88156,2026-08-01,16:18,Youghal,9,2,CANVAS NELLIE,0.2084,4.8,4,weak,0.929,2026-08-01T18:07:23Z
88156,2026-08-01,16:18,Youghal,9,6,VARIETY SPARKLE,0.0348,28.71,5,weak,0.946,2026-08-01T18:07:23Z
88156,2026-08-01,16:18,Youghal,9,5,SEAVIEW BOY,0.0162,61.91,6,weak,0.946,2026-08-01T18:07:23Z
88157,2026-08-01,16:37,Youghal,10,4,HEISENBERG,0.271,3.69,1,avoid,0.946,2026-08-01T18:07:23Z
88157,2026-08-01,16:37,Youghal,10,6,BOOM BOOM KENNY,0.2503,3.99,2,avoid,0.866,2026-08-01T18:07:23Z
88157,2026-08-01,16:37,Youghal,10,2,CAVIES CHAMP,0.2195,4.56,3,avoid,0.973,2026-08-01T18:07:23Z
88157,2026-08-01,16:37,Youghal,10,5,WITCHES WEST,0.1234,8.11,4,avoid,0.964,2026-08-01T18:07:23Z
88157,2026-08-01,16:37,Youghal,10,3,SLANEYSIDE MAX,0.0829,12.06,5,avoid,0.946,2026-08-01T18:07:23Z
88157,2026-08-01,16:37,Youghal,10,1,CASTLEROCK ABBY,0.0529,18.89,6,avoid,0.964,2026-08-01T18:07:23Z
88196,2026-08-01,19:00,Thurles Park,1,3,ASHLEEN SUBLIME,0.2833,3.53,1,weak,0.929,2026-08-01T18:07:23Z
88196,2026-08-01,19:00,Thurles Park,1,6,CHARMING MIKE,0.2131,4.69,2,weak,0.92,2026-08-01T18:07:23Z
88196,2026-08-01,19:00,Thurles Park,1,4,DEECEE PA,0.2002,4.99,3,weak,0.893,2026-08-01T18:07:23Z
88196,2026-08-01,19:00,Thurles Park,1,1,MEMORIES LINEOUT,0.126,7.94,4,weak,0.92,2026-08-01T18:07:23Z
88196,2026-08-01,19:00,Thurles Park,1,2,KELSEYS ROSE,0.1147,8.72,5,weak,0.929,2026-08-01T18:07:23Z
88196,2026-08-01,19:00,Thurles Park,1,5,KILKENNY RINGO,0.0627,15.96,6,weak,0.929,2026-08-01T18:07:23Z
88197,2026-08-01,19:15,Thurles Park,2,3,LISTEN TILLY,0.2709,3.69,1,avoid,0.955,2026-08-01T18:07:23Z
88197,2026-08-01,19:15,Thurles Park,2,5,LEYLAND RUN,0.2266,4.41,2,avoid,0.92,2026-08-01T18:07:23Z
88197,2026-08-01,19:15,Thurles Park,2,4,SUPERSONIC TESS,0.1783,5.61,3,avoid,0.938,2026-08-01T18:07:23Z
88197,2026-08-01,19:15,Thurles Park,2,2,VIRGIL TIBBS,0.1778,5.62,4,avoid,0.973,2026-08-01T18:07:23Z
88197,2026-08-01,19:15,Thurles Park,2,6,CODE TRIGGER,0.0758,13.2,5,avoid,0.92,2026-08-01T18:07:23Z
88197,2026-08-01,19:15,Thurles Park,2,1,CABRA RAMBO,0.0707,14.15,6,avoid,0.973,2026-08-01T18:07:23Z
88198,2026-08-01,19:30,Thurles Park,3,2,CLONEEN HONEY,0.2787,3.59,1,weak,0.884,2026-08-01T18:07:23Z
88198,2026-08-01,19:30,Thurles Park,3,4,DEECEE NIGEL,0.2204,4.54,2,weak,0.795,2026-08-01T18:07:23Z
88198,2026-08-01,19:30,Thurles Park,3,6,ANYTIME HUNTER,0.1879,5.32,3,weak,0.929,2026-08-01T18:07:23Z
88198,2026-08-01,19:30,Thurles Park,3,1,BULL RUN NUGGET,0.108,9.26,4,weak,0.946,2026-08-01T18:07:23Z
88198,2026-08-01,19:30,Thurles Park,3,3,BALLYDUAG RUBY,0.1033,9.68,5,weak,0.938,2026-08-01T18:07:23Z
88198,2026-08-01,19:30,Thurles Park,3,5,BORNA TED,0.1017,9.83,6,weak,0.848,2026-08-01T18:07:23Z
88186,2026-08-01,19:34,Shelbourne Park,1,3,OUTLAW OSCAR,0.2105,4.75,1,avoid,0.902,2026-08-01T18:07:23Z
88186,2026-08-01,19:34,Shelbourne Park,1,5,HACKNEY BUCK,0.1938,5.16,2,avoid,0.902,2026-08-01T18:07:23Z
88186,2026-08-01,19:34,Shelbourne Park,1,1,ITSNOTANOPTION,0.1818,5.5,3,avoid,0.911,2026-08-01T18:07:23Z
88186,2026-08-01,19:34,Shelbourne Park,1,2,RALLYING SYD,0.157,6.37,4,avoid,0.92,2026-08-01T18:07:23Z
88186,2026-08-01,19:34,Shelbourne Park,1,6,FUN INTHE RUN,0.1347,7.43,5,avoid,0.92,2026-08-01T18:07:23Z
88186,2026-08-01,19:34,Shelbourne Park,1,4,YACHT VIEW,0.1222,8.18,6,avoid,0.875,2026-08-01T18:07:23Z
88118,2026-08-01,19:35,Waterford,1,3,DUNGILL LOLA,0.391,2.56,1,strong,0.964,2026-08-01T18:07:23Z
88118,2026-08-01,19:35,Waterford,1,5,ALMIGHTY TARA,0.1591,6.28,2,strong,0.973,2026-08-01T18:07:23Z
88118,2026-08-01,19:35,Waterford,1,1,SURPRISE,0.1361,7.35,3,strong,0.964,2026-08-01T18:07:23Z
88118,2026-08-01,19:35,Waterford,1,6,CHARMING KAT,0.1165,8.58,4,strong,0.946,2026-08-01T18:07:23Z
88118,2026-08-01,19:35,Waterford,1,2,BING FOUR WINDS,0.0996,10.04,5,strong,0.964,2026-08-01T18:07:23Z
88118,2026-08-01,19:35,Waterford,1,4,SIX PERFECTIONS,0.0976,10.25,6,strong,0.946,2026-08-01T18:07:23Z
88109,2026-08-01,19:39,Limerick,1,1,TAYLORMADE DEONE,0.8392,1.19,1,strong,0.321,2026-08-01T18:07:23Z
88109,2026-08-01,19:39,Limerick,1,2,MILLROAD SODA,0.0672,14.88,2,strong,0.321,2026-08-01T18:07:23Z
88109,2026-08-01,19:39,Limerick,1,3,AIRFIELD GAYLE,0.0422,23.71,3,strong,0.321,2026-08-01T18:07:23Z
88109,2026-08-01,19:39,Limerick,1,4,SANDPIT DIVA,0.0202,49.43,4,strong,0.321,2026-08-01T18:07:23Z
88109,2026-08-01,19:39,Limerick,1,5,BLASTOFF VINNY,0.0167,59.97,5,strong,0.321,2026-08-01T18:07:23Z
88109,2026-08-01,19:39,Limerick,1,6,DEECEE TAYLOR,0.0145,68.88,6,strong,0.321,2026-08-01T18:07:23Z
88130,2026-08-01,19:45,Longford,1,3,CARTEL LADY,0.3409,2.93,1,weak,0.321,2026-08-01T18:07:23Z
88130,2026-08-01,19:45,Longford,1,4,VELVET VICKY,0.2516,3.98,2,weak,0.857,2026-08-01T18:07:23Z
88130,2026-08-01,19:45,Longford,1,6,WRECK IT RILEY,0.1771,5.65,3,weak,0.321,2026-08-01T18:07:23Z
88130,2026-08-01,19:45,Longford,1,1,GLENQUAIN BUCKO,0.1426,7.01,4,weak,0.911,2026-08-01T18:07:23Z
88130,2026-08-01,19:45,Longford,1,2,MY FAVOURITE BRO,0.0507,19.74,5,weak,0.911,2026-08-01T18:07:23Z
88130,2026-08-01,19:45,Longford,1,5,DA MADCAT HERO,0.0372,26.89,6,weak,0.902,2026-08-01T18:07:23Z
88199,2026-08-01,19:45,Thurles Park,4,2,MY OLD FRIEND,0.2727,3.67,1,weak,0.964,2026-08-01T18:07:23Z
88199,2026-08-01,19:45,Thurles Park,4,5,RAHYVIRA BLUE,0.1931,5.18,2,weak,0.964,2026-08-01T18:07:23Z
88199,2026-08-01,19:45,Thurles Park,4,1,BALLYSLOE MAX,0.1698,5.89,3,weak,0.973,2026-08-01T18:07:23Z
88199,2026-08-01,19:45,Thurles Park,4,6,BORNA BANTAM,0.1544,6.48,4,weak,0.964,2026-08-01T18:07:23Z
88199,2026-08-01,19:45,Thurles Park,4,4,EXCESS CASH,0.1209,8.27,5,weak,0.929,2026-08-01T18:07:23Z
88199,2026-08-01,19:45,Thurles Park,4,3,TICKING BOXES,0.089,11.24,6,weak,0.964,2026-08-01T18:07:23Z
88205,2026-08-01,19:46,Tralee,1,1,AGHABURREN EMILY,0.8351,1.2,1,strong,0.321,2026-08-01T18:07:23Z
88205,2026-08-01,19:46,Tralee,1,2,RUSHMOOR HAZEL,0.0753,13.29,2,strong,0.321,2026-08-01T18:07:23Z
88205,2026-08-01,19:46,Tralee,1,3,SALEEN BARRY,0.0337,29.7,3,strong,0.321,2026-08-01T18:07:23Z
88205,2026-08-01,19:46,Tralee,1,4,SALEEN TEDDY,0.0236,42.41,4,strong,0.321,2026-08-01T18:07:23Z
88205,2026-08-01,19:46,Tralee,1,5,FOR MAYZIE,0.0166,60.19,5,strong,0.321,2026-08-01T18:07:23Z
88205,2026-08-01,19:46,Tralee,1,6,JIMS PRIDE,0.0158,63.36,6,strong,0.321,2026-08-01T18:07:23Z
88187,2026-08-01,19:48,Shelbourne Park,2,5,GLENGAR PHANTOM,0.2862,3.49,1,weak,0.902,2026-08-01T18:07:23Z
88187,2026-08-01,19:48,Shelbourne Park,2,1,BOLTAWAY WINK,0.1823,5.49,2,weak,0.875,2026-08-01T18:07:23Z
88187,2026-08-01,19:48,Shelbourne Park,2,3,FAHEE PHANTOM,0.1752,5.71,3,weak,0.911,2026-08-01T18:07:23Z
88187,2026-08-01,19:48,Shelbourne Park,2,6,BALLYMAC AGATHA,0.1477,6.77,4,weak,0.92,2026-08-01T18:07:23Z
88187,2026-08-01,19:48,Shelbourne Park,2,2,CHEQUE FOR CASH,0.1257,7.95,5,weak,0.929,2026-08-01T18:07:23Z
88187,2026-08-01,19:48,Shelbourne Park,2,4,DROICHEAD NUA,0.0829,12.07,6,weak,0.929,2026-08-01T18:07:23Z
88100,2026-08-01,19:50,Dundalk Stadium,1,1,TELL ON TALULLA,0.3066,3.26,1,weak,0.946,2026-08-01T18:07:23Z
88100,2026-08-01,19:50,Dundalk Stadium,1,3,NINA MIRACLE,0.2464,4.06,2,weak,0.955,2026-08-01T18:07:23Z
88100,2026-08-01,19:50,Dundalk Stadium,1,5,DONISHALL GEM,0.1877,5.33,3,weak,0.893,2026-08-01T18:07:23Z
88100,2026-08-01,19:50,Dundalk Stadium,1,6,DARRAGHS CASHOUT,0.1419,7.05,4,weak,0.946,2026-08-01T18:07:23Z
88100,2026-08-01,19:50,Dundalk Stadium,1,2,AAYAMZA SONNY,0.0849,11.78,5,weak,0.955,2026-08-01T18:07:23Z
88100,2026-08-01,19:50,Dundalk Stadium,1,4,SILLYPUP,0.0324,30.85,6,weak,0.92,2026-08-01T18:07:23Z
88170,2026-08-01,19:50,Galway,1,1,HEATHLAWN MAGGIE,0.8357,1.2,1,strong,0.321,2026-08-01T18:07:23Z
88170,2026-08-01,19:50,Galway,1,2,HOLLYWELL WILLOW,0.0694,14.4,2,strong,0.321,2026-08-01T18:07:23Z
88170,2026-08-01,19:50,Galway,1,3,ISLAND BLOSSOM,0.0365,27.4,3,strong,0.321,2026-08-01T18:07:23Z
88170,2026-08-01,19:50,Galway,1,4,MAGICMAN,0.0232,43.05,4,strong,0.321,2026-08-01T18:07:23Z
88170,2026-08-01,19:50,Galway,1,6,STANDANDDELIVER,0.0184,54.47,5,strong,0.321,2026-08-01T18:07:23Z
88170,2026-08-01,19:50,Galway,1,5,HOLLYWELL RAVEN,0.0168,59.53,6,strong,0.321,2026-08-01T18:07:23Z
88178,2026-08-01,19:50,Mullingar,1,3,BAWN BULLEY,0.2825,3.54,1,weak,0.911,2026-08-01T18:07:23Z
88178,2026-08-01,19:50,Mullingar,1,5,KOOLIO CORMAC,0.2335,4.28,2,weak,0.893,2026-08-01T18:07:23Z
88178,2026-08-01,19:50,Mullingar,1,4,WONT RING ME,0.2002,5.0,3,weak,0.848,2026-08-01T18:07:23Z
88178,2026-08-01,19:50,Mullingar,1,2,PHOENIX HAVANA,0.1907,5.24,4,weak,0.866,2026-08-01T18:07:23Z
88178,2026-08-01,19:50,Mullingar,1,1,LOWTOWN SHADOW,0.0626,15.97,5,weak,0.938,2026-08-01T18:07:23Z
88178,2026-08-01,19:50,Mullingar,1,6,CATUNDA KIKI,0.0305,32.79,6,weak,0.938,2026-08-01T18:07:23Z
88119,2026-08-01,19:50,Waterford,2,3,TYCOON GORM,0.3189,3.14,1,weak,0.911,2026-08-01T18:07:23Z
88119,2026-08-01,19:50,Waterford,2,6,CHUCKLEHEAD,0.2638,3.79,2,weak,0.946,2026-08-01T18:07:23Z
88119,2026-08-01,19:50,Waterford,2,2,BALLINABOLA EDEL,0.1357,7.37,3,weak,0.92,2026-08-01T18:07:23Z
88119,2026-08-01,19:50,Waterford,2,4,SHANTLA,0.127,7.87,4,weak,0.812,2026-08-01T18:07:23Z
88119,2026-08-01,19:50,Waterford,2,5,TEAMO,0.0967,10.34,5,weak,0.938,2026-08-01T18:07:23Z
88119,2026-08-01,19:50,Waterford,2,1,WHITEYS BELLE,0.0578,17.29,6,weak,0.929,2026-08-01T18:07:23Z
88110,2026-08-01,19:54,Limerick,2,3,VIGOROUS ARIEL,0.2868,3.49,1,avoid,0.857,2026-08-01T18:07:23Z
88110,2026-08-01,19:54,Limerick,2,1,ARKANSAS DIAMOND,0.2443,4.09,2,avoid,0.795,2026-08-01T18:07:23Z
88110,2026-08-01,19:54,Limerick,2,2,BALLYGIBBON SMOK,0.2237,4.47,3,avoid,0.946,2026-08-01T18:07:23Z
88110,2026-08-01,19:54,Limerick,2,5,SAIMER SKYLINE,0.1179,8.48,4,avoid,0.955,2026-08-01T18:07:23Z
88110,2026-08-01,19:54,Limerick,2,4,CRAGMOHER OLLIE,0.0777,12.87,5,avoid,0.973,2026-08-01T18:07:23Z
88110,2026-08-01,19:54,Limerick,2,6,THUNDERIN CHUCK,0.0495,20.19,6,avoid,0.92,2026-08-01T18:07:23Z
88083,2026-08-01,19:55,Curraheen Park,1,5,ROSSTEMPLE BLAN,0.2275,4.4,1,avoid,0.955,2026-08-01T18:07:23Z
88083,2026-08-01,19:55,Curraheen Park,1,4,BADMINTON MAHLER,0.1973,5.07,2,avoid,0.929,2026-08-01T18:07:23Z
88083,2026-08-01,19:55,Curraheen Park,1,1,BLING BLING TONY,0.1673,5.98,3,avoid,0.875,2026-08-01T18:07:23Z
88083,2026-08-01,19:55,Curraheen Park,1,6,BEANOS RODGE,0.1584,6.31,4,avoid,0.929,2026-08-01T18:07:23Z
88083,2026-08-01,19:55,Curraheen Park,1,3,LULU BABY SPARK,0.1433,6.98,5,avoid,0.938,2026-08-01T18:07:23Z
88083,2026-08-01,19:55,Curraheen Park,1,2,ROSSA BELLA,0.1062,9.41,6,avoid,0.911,2026-08-01T18:07:23Z
88131,2026-08-01,20:00,Longford,2,2,SNIPER RORO,0.2789,3.59,1,weak,0.938,2026-08-01T18:07:23Z
88131,2026-08-01,20:00,Longford,2,1,TOWNSEND KATE,0.2135,4.68,2,weak,0.902,2026-08-01T18:07:23Z
88131,2026-08-01,20:00,Longford,2,5,PAST TENSE,0.1988,5.03,3,weak,0.911,2026-08-01T18:07:23Z
88131,2026-08-01,20:00,Longford,2,6,CATUNDA THEO,0.1211,8.26,4,weak,0.929,2026-08-01T18:07:23Z
88131,2026-08-01,20:00,Longford,2,3,DEVON BLISS,0.103,9.71,5,weak,0.973,2026-08-01T18:07:23Z
88131,2026-08-01,20:00,Longford,2,4,SWIFT KNOX,0.0847,11.8,6,weak,0.938,2026-08-01T18:07:23Z
88200,2026-08-01,20:00,Thurles Park,5,2,HEAD OF STATE,0.3594,2.78,1,avoid,0.875,2026-08-01T18:07:23Z
88200,2026-08-01,20:00,Thurles Park,5,5,NORDEN RAIDER,0.3405,2.94,2,avoid,0.929,2026-08-01T18:07:23Z
88200,2026-08-01,20:00,Thurles Park,5,1,KILKENNY DIVA,0.1415,7.07,3,avoid,0.955,2026-08-01T18:07:23Z
88200,2026-08-01,20:00,Thurles Park,5,4,CABRA CAIRO,0.0654,15.29,4,avoid,0.955,2026-08-01T18:07:23Z
88200,2026-08-01,20:00,Thurles Park,5,3,MONTORE MAL,0.0496,20.14,5,avoid,0.875,2026-08-01T18:07:23Z
88200,2026-08-01,20:00,Thurles Park,5,6,MILOMAC,0.0436,22.95,6,avoid,0.902,2026-08-01T18:07:23Z
88206,2026-08-01,20:01,Tralee,2,1,AGHABURREN JEAN,0.8351,1.2,1,strong,0.321,2026-08-01T18:07:23Z
88206,2026-08-01,20:01,Tralee,2,2,SALEEN BOY,0.0753,13.29,2,strong,0.321,2026-08-01T18:07:23Z
88206,2026-08-01,20:01,Tralee,2,3,SALEEN MIKE,0.0337,29.7,3,strong,0.321,2026-08-01T18:07:23Z
88206,2026-08-01,20:01,Tralee,2,4,FINNERY BUCKO,0.0236,42.41,4,strong,0.321,2026-08-01T18:07:23Z
88206,2026-08-01,20:01,Tralee,2,5,SALEEN AMIGO,0.0166,60.19,5,strong,0.321,2026-08-01T18:07:23Z
88206,2026-08-01,20:01,Tralee,2,6,QUIET CAUSEWAY,0.0158,63.36,6,strong,0.321,2026-08-01T18:07:23Z
88188,2026-08-01,20:03,Shelbourne Park,3,3,ROBBIES TWIRL,0.2641,3.79,1,avoid,0.911,2026-08-01T18:07:23Z
88188,2026-08-01,20:03,Shelbourne Park,3,2,BUTTON IT,0.2593,3.86,2,avoid,0.902,2026-08-01T18:07:23Z
88188,2026-08-01,20:03,Shelbourne Park,3,6,UNCLE KEITH,0.1888,5.3,3,avoid,0.875,2026-08-01T18:07:23Z
88188,2026-08-01,20:03,Shelbourne Park,3,5,MILL WILLOW,0.1311,7.63,4,avoid,0.857,2026-08-01T18:07:23Z
88188,2026-08-01,20:03,Shelbourne Park,3,1,ZENITH WIZARD,0.0979,10.22,5,avoid,0.902,2026-08-01T18:07:23Z
88188,2026-08-01,20:03,Shelbourne Park,3,4,RAZLDAZL THELMA,0.0589,16.98,6,avoid,0.848,2026-08-01T18:07:23Z
88101,2026-08-01,20:05,Dundalk Stadium,2,3,PETULANCE,0.2479,4.03,1,avoid,0.875,2026-08-01T18:07:23Z
88101,2026-08-01,20:05,Dundalk Stadium,2,1,WOODCLIFF DUKE,0.2417,4.14,2,avoid,0.866,2026-08-01T18:07:23Z
88101,2026-08-01,20:05,Dundalk Stadium,2,6,ITS YOURSELF,0.2394,4.18,3,avoid,0.804,2026-08-01T18:07:23Z
88101,2026-08-01,20:05,Dundalk Stadium,2,2,CARRIG CARTEL,0.1556,6.43,4,avoid,0.857,2026-08-01T18:07:23Z
88101,2026-08-01,20:05,Dundalk Stadium,2,4,GEORGE AND POP,0.0737,13.58,5,avoid,0.839,2026-08-01T18:07:23Z
88101,2026-08-01,20:05,Dundalk Stadium,2,5,HACKNEY DINO,0.0417,23.97,6,avoid,0.911,2026-08-01T18:07:23Z
88171,2026-08-01,20:05,Galway,2,1,ROSIE ON FAYA,0.8357,1.2,1,strong,0.321,2026-08-01T18:07:23Z
88171,2026-08-01,20:05,Galway,2,2,ISLAND FLOWER,0.0694,14.4,2,strong,0.321,2026-08-01T18:07:23Z
88171,2026-08-01,20:05,Galway,2,3,GRANGEVIEW RAZ,0.0365,27.4,3,strong,0.321,2026-08-01T18:07:23Z
88171,2026-08-01,20:05,Galway,2,4,ON THE WIRE,0.0232,43.05,4,strong,0.321,2026-08-01T18:07:23Z
88171,2026-08-01,20:05,Galway,2,6,NEPHIN DEEL,0.0184,54.47,5,strong,0.321,2026-08-01T18:07:23Z
88171,2026-08-01,20:05,Galway,2,5,HOLLYWELL EAGLE,0.0168,59.53,6,strong,0.321,2026-08-01T18:07:23Z
88179,2026-08-01,20:05,Mullingar,2,5,KILGAR CASHOUT,0.3712,2.69,1,moderate,0.875,2026-08-01T18:07:23Z
88179,2026-08-01,20:05,Mullingar,2,3,MASTER STROKE,0.2177,4.59,2,moderate,0.893,2026-08-01T18:07:23Z
88179,2026-08-01,20:05,Mullingar,2,4,PHOENIX CAL,0.1489,6.71,3,moderate,0.884,2026-08-01T18:07:23Z
88179,2026-08-01,20:05,Mullingar,2,2,DAPPER GRACE,0.1279,7.82,4,moderate,0.875,2026-08-01T18:07:23Z
88179,2026-08-01,20:05,Mullingar,2,6,INTENSE FROST,0.1129,8.86,5,moderate,0.884,2026-08-01T18:07:23Z
88179,2026-08-01,20:05,Mullingar,2,1,PHOENIX TWINKLE,0.0214,46.76,6,moderate,0.902,2026-08-01T18:07:23Z
88120,2026-08-01,20:05,Waterford,3,3,CLASSIC LAYLA,0.353,2.83,1,moderate,0.92,2026-08-01T18:07:23Z
88120,2026-08-01,20:05,Waterford,3,1,BRYNOFFA HOP,0.1924,5.2,2,moderate,0.946,2026-08-01T18:07:23Z
88120,2026-08-01,20:05,Waterford,3,6,FAIRLY SLEEK,0.1642,6.09,3,moderate,0.92,2026-08-01T18:07:23Z
88120,2026-08-01,20:05,Waterford,3,2,DANEHILL,0.158,6.33,4,moderate,0.955,2026-08-01T18:07:23Z
88120,2026-08-01,20:05,Waterford,3,4,FROMPARISTOMILAN,0.1031,9.7,5,moderate,0.804,2026-08-01T18:07:23Z
88120,2026-08-01,20:05,Waterford,3,5,FAMOUS GUS,0.0294,34.04,6,moderate,0.929,2026-08-01T18:07:23Z
88111,2026-08-01,20:09,Limerick,3,4,HOLLYHILL STACEY,0.277,3.61,1,weak,0.964,2026-08-01T18:07:23Z
88111,2026-08-01,20:09,Limerick,3,1,BRIGHT MALACHI,0.204,4.9,2,weak,0.964,2026-08-01T18:07:23Z
88111,2026-08-01,20:09,Limerick,3,2,NINE BALL,0.1972,5.07,3,weak,0.795,2026-08-01T18:07:23Z
88111,2026-08-01,20:09,Limerick,3,5,VELVET SIENNA,0.1441,6.94,4,weak,0.938,2026-08-01T18:07:23Z
88111,2026-08-01,20:09,Limerick,3,6,TOEMS LEE,0.1358,7.36,5,weak,0.964,2026-08-01T18:07:23Z
88111,2026-08-01,20:09,Limerick,3,3,DRUMDOIT AMAD,0.0419,23.87,6,weak,0.938,2026-08-01T18:07:23Z
88084,2026-08-01,20:10,Curraheen Park,2,5,DROMBOY FANTASY,0.2887,3.46,1,weak,0.911,2026-08-01T18:07:23Z
88084,2026-08-01,20:10,Curraheen Park,2,3,BUTTERBRIDGE GUV,0.2167,4.61,2,weak,0.955,2026-08-01T18:07:23Z
88084,2026-08-01,20:10,Curraheen Park,2,2,CLONAVANNY BLUE,0.1407,7.11,3,weak,0.929,2026-08-01T18:07:23Z
88084,2026-08-01,20:10,Curraheen Park,2,4,BOHERASH SILIN,0.1301,7.69,4,weak,0.946,2026-08-01T18:07:23Z
88084,2026-08-01,20:10,Curraheen Park,2,1,CAREFREE CAPTAIN,0.1301,7.69,5,weak,0.955,2026-08-01T18:07:23Z
88084,2026-08-01,20:10,Curraheen Park,2,6,LEFTTHELIGHTSON,0.0938,10.66,6,weak,0.946,2026-08-01T18:07:23Z
88132,2026-08-01,20:15,Longford,3,5,FRIDAYS ARMINTA,0.226,4.42,1,avoid,0.964,2026-08-01T18:07:23Z
88132,2026-08-01,20:15,Longford,3,1,CLOONAGHMORE,0.2254,4.44,2,avoid,0.946,2026-08-01T18:07:23Z
88132,2026-08-01,20:15,Longford,3,3,STEEPLE RD RAZL,0.1615,6.19,3,avoid,0.973,2026-08-01T18:07:23Z
88132,2026-08-01,20:15,Longford,3,4,DRUMNAFERN ERIU,0.1562,6.4,4,avoid,0.946,2026-08-01T18:07:23Z
88132,2026-08-01,20:15,Longford,3,6,MINEOLATAZMANIAN,0.1196,8.36,5,avoid,0.973,2026-08-01T18:07:23Z
88132,2026-08-01,20:15,Longford,3,2,SNIPER AVA,0.1113,8.99,6,avoid,0.973,2026-08-01T18:07:23Z
88201,2026-08-01,20:15,Thurles Park,6,5,CLONMORE MAN,0.3428,2.92,1,weak,0.884,2026-08-01T18:07:23Z
88201,2026-08-01,20:15,Thurles Park,6,4,MO THE RED,0.2895,3.45,2,weak,0.964,2026-08-01T18:07:23Z
88201,2026-08-01,20:15,Thurles Park,6,2,GORTKELLY SHEM,0.1388,7.2,3,weak,0.973,2026-08-01T18:07:23Z
88201,2026-08-01,20:15,Thurles Park,6,1,MONADREENSPECIAL,0.1108,9.03,4,weak,0.955,2026-08-01T18:07:23Z
88201,2026-08-01,20:15,Thurles Park,6,3,CLONEEN JET,0.0629,15.9,5,weak,0.929,2026-08-01T18:07:23Z
88201,2026-08-01,20:15,Thurles Park,6,6,EXCESS MILES,0.0553,18.09,6,weak,0.902,2026-08-01T18:07:23Z
88207,2026-08-01,20:16,Tralee,3,1,TEEVEE COCO,0.2308,4.33,1,avoid,0.946,2026-08-01T18:07:23Z
88207,2026-08-01,20:16,Tralee,3,5,BEGINISH BYNX,0.2076,4.82,2,avoid,0.955,2026-08-01T18:07:23Z
88207,2026-08-01,20:16,Tralee,3,6,TAN HILL KING,0.2012,4.97,3,avoid,0.848,2026-08-01T18:07:23Z
88207,2026-08-01,20:16,Tralee,3,4,STUBBORN LOVE,0.198,5.05,4,avoid,0.955,2026-08-01T18:07:23Z
88207,2026-08-01,20:16,Tralee,3,3,CATCHING CASEY,0.1039,9.63,5,avoid,0.92,2026-08-01T18:07:23Z
88207,2026-08-01,20:16,Tralee,3,2,WEHAVEYOUNOW,0.0585,17.1,6,avoid,0.964,2026-08-01T18:07:23Z
88189,2026-08-01,20:18,Shelbourne Park,4,3,BALLYDOYLE TINA,0.3083,3.24,1,weak,0.884,2026-08-01T18:07:23Z
88189,2026-08-01,20:18,Shelbourne Park,4,5,BALLYMAC EDITH,0.2225,4.49,2,weak,0.884,2026-08-01T18:07:23Z
88189,2026-08-01,20:18,Shelbourne Park,4,4,LENNIES DREAM,0.1882,5.31,3,weak,0.875,2026-08-01T18:07:23Z
88189,2026-08-01,20:18,Shelbourne Park,4,1,GOOD KATIE,0.1139,8.78,4,weak,0.893,2026-08-01T18:07:23Z
88189,2026-08-01,20:18,Shelbourne Park,4,2,RAZLDAZL LOREAL,0.0869,11.51,5,weak,0.848,2026-08-01T18:07:23Z
88189,2026-08-01,20:18,Shelbourne Park,4,6,COOSANE PICKLES,0.0801,12.48,6,weak,0.92,2026-08-01T18:07:23Z
88092,2026-08-01,20:20,Drumbo Park,1,5,TELL A YARN,0.2732,3.66,1,avoid,0.866,2026-08-01T18:07:23Z
88092,2026-08-01,20:20,Drumbo Park,1,3,TORPEDO GONE,0.2492,4.01,2,avoid,0.786,2026-08-01T18:07:23Z
88092,2026-08-01,20:20,Drumbo Park,1,6,FALSE WITNESS,0.1758,5.69,3,avoid,0.884,2026-08-01T18:07:23Z
88092,2026-08-01,20:20,Drumbo Park,1,2,CONGRESS LUKE,0.1664,6.01,4,avoid,0.768,2026-08-01T18:07:23Z
88092,2026-08-01,20:20,Drumbo Park,1,4,LOUGHSIDE RIKI,0.0695,14.4,5,avoid,0.848,2026-08-01T18:07:23Z
88092,2026-08-01,20:20,Drumbo Park,1,1,NAVANFORT SHADOW,0.0659,15.17,6,avoid,0.866,2026-08-01T18:07:23Z
88102,2026-08-01,20:20,Dundalk Stadium,3,6,MANDEVILLE PATS,0.231,4.33,1,avoid,0.946,2026-08-01T18:07:23Z
88102,2026-08-01,20:20,Dundalk Stadium,3,3,ANNIE UP,0.2088,4.79,2,avoid,0.875,2026-08-01T18:07:23Z
88102,2026-08-01,20:20,Dundalk Stadium,3,2,CLOUGHTANEY JOY,0.1675,5.97,3,avoid,0.92,2026-08-01T18:07:23Z
88102,2026-08-01,20:20,Dundalk Stadium,3,4,RENAS ROCKET,0.1583,6.32,4,avoid,0.946,2026-08-01T18:07:23Z
88102,2026-08-01,20:20,Dundalk Stadium,3,1,THATSAGOODONE,0.1385,7.22,5,avoid,0.929,2026-08-01T18:07:23Z
88102,2026-08-01,20:20,Dundalk Stadium,3,5,HIGHVIEW BUDDY,0.0959,10.43,6,avoid,0.929,2026-08-01T18:07:23Z
88172,2026-08-01,20:20,Galway,3,1,HANOVER GRACE,0.8357,1.2,1,strong,0.321,2026-08-01T18:07:23Z
88172,2026-08-01,20:20,Galway,3,2,NEPHIN KOVER,0.0694,14.4,2,strong,0.321,2026-08-01T18:07:23Z
88172,2026-08-01,20:20,Galway,3,3,ENNIS,0.0365,27.4,3,strong,0.321,2026-08-01T18:07:23Z
88172,2026-08-01,20:20,Galway,3,4,HOLLYWELL KITTY,0.0232,43.05,4,strong,0.321,2026-08-01T18:07:23Z
88172,2026-08-01,20:20,Galway,3,6,KNOCKDRUM ROGUE,0.0184,54.47,5,strong,0.321,2026-08-01T18:07:23Z
88172,2026-08-01,20:20,Galway,3,5,HEATHLAWN CASH,0.0168,59.53,6,strong,0.321,2026-08-01T18:07:23Z
88180,2026-08-01,20:20,Mullingar,3,3,SPUTNIK,0.2635,3.79,1,weak,0.92,2026-08-01T18:07:23Z
88180,2026-08-01,20:20,Mullingar,3,2,BLACKTRENCH GIRL,0.182,5.49,2,weak,0.946,2026-08-01T18:07:23Z
88180,2026-08-01,20:20,Mullingar,3,1,LAHINCH COOPER,0.1435,6.97,3,weak,0.964,2026-08-01T18:07:23Z
88180,2026-08-01,20:20,Mullingar,3,5,COOLHILL RANCHER,0.1381,7.24,4,weak,0.938,2026-08-01T18:07:23Z
88180,2026-08-01,20:20,Mullingar,3,6,FIX THE CLUTCH,0.1376,7.27,5,weak,0.946,2026-08-01T18:07:23Z
88180,2026-08-01,20:20,Mullingar,3,4,BOYNEPARK ROCK,0.1352,7.4,6,weak,0.866,2026-08-01T18:07:23Z
88121,2026-08-01,20:20,Waterford,4,5,TOMAHURRA SCAR,0.2066,4.84,1,avoid,0.955,2026-08-01T18:07:23Z
88121,2026-08-01,20:20,Waterford,4,4,RAINS CASSIE,0.1962,5.1,2,avoid,0.946,2026-08-01T18:07:23Z
88121,2026-08-01,20:20,Waterford,4,1,GYMSTAR SUPREMO,0.1784,5.61,3,avoid,0.964,2026-08-01T18:07:23Z
88121,2026-08-01,20:20,Waterford,4,2,NANS LARK,0.1708,5.86,4,avoid,0.964,2026-08-01T18:07:23Z
88121,2026-08-01,20:20,Waterford,4,3,ROSEVILLE GIZMO,0.1492,6.7,5,avoid,0.964,2026-08-01T18:07:23Z
88121,2026-08-01,20:20,Waterford,4,6,SNAEFELL,0.0988,10.12,6,avoid,0.946,2026-08-01T18:07:23Z
88112,2026-08-01,20:24,Limerick,4,2,COOLEMOUNT SHINE,0.3115,3.21,1,weak,0.821,2026-08-01T18:07:23Z
88112,2026-08-01,20:24,Limerick,4,3,BRIGHT MUSTANG,0.234,4.27,2,weak,0.911,2026-08-01T18:07:23Z
88112,2026-08-01,20:24,Limerick,4,1,VIGOROUS MISTY,0.1703,5.87,3,weak,0.964,2026-08-01T18:07:23Z
88112,2026-08-01,20:24,Limerick,4,5,RIGHT LIVELY,0.1482,6.75,4,weak,0.83,2026-08-01T18:07:23Z
88112,2026-08-01,20:24,Limerick,4,4,PETES NOAH,0.119,8.41,5,weak,0.946,2026-08-01T18:07:23Z
88112,2026-08-01,20:24,Limerick,4,6,JOVIS,0.017,58.86,6,weak,0.884,2026-08-01T18:07:23Z
88085,2026-08-01,20:25,Curraheen Park,3,1,SEEFIN BOBBY,0.2187,4.57,1,avoid,0.893,2026-08-01T18:07:23Z
88085,2026-08-01,20:25,Curraheen Park,3,4,AGHADOWN DELEK,0.2098,4.77,2,avoid,0.839,2026-08-01T18:07:23Z
88085,2026-08-01,20:25,Curraheen Park,3,5,MCENROE,0.1974,5.07,3,avoid,0.812,2026-08-01T18:07:23Z
88085,2026-08-01,20:25,Curraheen Park,3,6,KEPLAR SAXON,0.1778,5.62,4,avoid,0.893,2026-08-01T18:07:23Z
88085,2026-08-01,20:25,Curraheen Park,3,2,CORROUGH SAM,0.1053,9.5,5,avoid,0.857,2026-08-01T18:07:23Z
88085,2026-08-01,20:25,Curraheen Park,3,3,MAUGHERA HONEY,0.091,10.98,6,avoid,0.938,2026-08-01T18:07:23Z
88133,2026-08-01,20:30,Longford,4,6,LEAMANEIGH QUEEN,0.3334,3.0,1,weak,0.946,2026-08-01T18:07:23Z
88133,2026-08-01,20:30,Longford,4,2,SLICK HARRY,0.2322,4.31,2,weak,0.946,2026-08-01T18:07:23Z
88133,2026-08-01,20:30,Longford,4,3,BENBRADAGH JET,0.1694,5.9,3,weak,0.938,2026-08-01T18:07:23Z
88133,2026-08-01,20:30,Longford,4,1,SNIPER SEANIN,0.1096,9.12,4,weak,0.964,2026-08-01T18:07:23Z
88133,2026-08-01,20:30,Longford,4,5,INKY GLOW,0.0942,10.62,5,weak,0.964,2026-08-01T18:07:23Z
88133,2026-08-01,20:30,Longford,4,4,COOGA TED,0.0613,16.32,6,weak,0.839,2026-08-01T18:07:23Z
88202,2026-08-01,20:30,Thurles Park,7,4,BOGGER REBECCA,0.3395,2.95,1,moderate,0.973,2026-08-01T18:07:23Z
88202,2026-08-01,20:30,Thurles Park,7,1,BOTSWANA JEWEL,0.199,5.02,2,moderate,0.964,2026-08-01T18:07:23Z
88202,2026-08-01,20:30,Thurles Park,7,2,TWO SHORES,0.1565,6.39,3,moderate,0.955,2026-08-01T18:07:23Z
88202,2026-08-01,20:30,Thurles Park,7,6,RATHFALLA LISA,0.1245,8.03,4,moderate,0.848,2026-08-01T18:07:23Z
88202,2026-08-01,20:30,Thurles Park,7,3,BULL RUN BEAN,0.0974,10.27,5,moderate,0.946,2026-08-01T18:07:23Z
88202,2026-08-01,20:30,Thurles Park,7,5,VIDAMAR,0.0831,12.03,6,moderate,0.866,2026-08-01T18:07:23Z
88208,2026-08-01,20:31,Tralee,4,1,CATTLE DEALER,0.2062,4.85,1,avoid,0.964,2026-08-01T18:07:23Z
88208,2026-08-01,20:31,Tralee,4,2,LEAHYS ELLA,0.2043,4.9,2,avoid,0.92,2026-08-01T18:07:23Z
88208,2026-08-01,20:31,Tralee,4,5,KILCURRA EOWYN,0.1984,5.04,3,avoid,0.83,2026-08-01T18:07:23Z
88208,2026-08-01,20:31,Tralee,4,3,TOKENFIRE GLORY,0.1788,5.59,4,avoid,0.955,2026-08-01T18:07:23Z
88208,2026-08-01,20:31,Tralee,4,6,RASHERS GUARDIAN,0.1529,6.54,5,avoid,0.929,2026-08-01T18:07:23Z
88208,2026-08-01,20:31,Tralee,4,4,MEADOW DOT,0.0594,16.82,6,avoid,0.955,2026-08-01T18:07:23Z
88190,2026-08-01,20:32,Shelbourne Park,5,1,ROAMING SHELBY,0.2798,3.57,1,avoid,0.839,2026-08-01T18:07:23Z
88190,2026-08-01,20:32,Shelbourne Park,5,4,JIMS GEM,0.2495,4.01,2,avoid,0.929,2026-08-01T18:07:23Z
88190,2026-08-01,20:32,Shelbourne Park,5,2,KILCOLGAN WITNEY,0.1522,6.57,3,avoid,0.955,2026-08-01T18:07:23Z
88190,2026-08-01,20:32,Shelbourne Park,5,6,BALLINABOLA BALE,0.1143,8.75,4,avoid,0.911,2026-08-01T18:07:23Z
88190,2026-08-01,20:32,Shelbourne Park,5,3,OLD ALASKA,0.1077,9.28,5,avoid,0.92,2026-08-01T18:07:23Z
88190,2026-08-01,20:32,Shelbourne Park,5,5,CLONFERT ANNIE,0.0965,10.36,6,avoid,0.955,2026-08-01T18:07:23Z
88093,2026-08-01,20:35,Drumbo Park,2,2,BLINDSPOT BLAZE,0.3097,3.23,1,moderate,0.964,2026-08-01T18:07:23Z
88093,2026-08-01,20:35,Drumbo Park,2,6,TULLYS BONO,0.1942,5.15,2,moderate,0.902,2026-08-01T18:07:23Z
88093,2026-08-01,20:35,Drumbo Park,2,3,MATTS ECHO,0.1842,5.43,3,moderate,0.777,2026-08-01T18:07:23Z
88093,2026-08-01,20:35,Drumbo Park,2,1,DELLSER DAVY,0.1584,6.31,4,moderate,0.902,2026-08-01T18:07:23Z
88093,2026-08-01,20:35,Drumbo Park,2,4,FAGANS RACHEL,0.1206,8.29,5,moderate,0.911,2026-08-01T18:07:23Z
88093,2026-08-01,20:35,Drumbo Park,2,5,ALWAYS SLEEPING,0.0329,30.43,6,moderate,0.911,2026-08-01T18:07:23Z
88103,2026-08-01,20:35,Dundalk Stadium,4,6,SHADOW OFTHEROCK,0.27,3.7,1,avoid,0.866,2026-08-01T18:07:23Z
88103,2026-08-01,20:35,Dundalk Stadium,4,2,BOMBER NINA,0.259,3.86,2,avoid,0.911,2026-08-01T18:07:23Z
88103,2026-08-01,20:35,Dundalk Stadium,4,1,MINSTREL ROCKET,0.1955,5.12,3,avoid,0.92,2026-08-01T18:07:23Z
88103,2026-08-01,20:35,Dundalk Stadium,4,4,YURTY MAGURTY,0.1138,8.79,4,avoid,0.893,2026-08-01T18:07:23Z
88103,2026-08-01,20:35,Dundalk Stadium,4,5,RALLYING BILLY,0.0902,11.09,5,avoid,0.884,2026-08-01T18:07:23Z
88103,2026-08-01,20:35,Dundalk Stadium,4,3,AAYAMZA DAZZELER,0.0716,13.98,6,avoid,0.911,2026-08-01T18:07:23Z
88173,2026-08-01,20:35,Galway,4,4,MAXIMUSDAGENERAL,0.3106,3.22,1,weak,0.884,2026-08-01T18:07:23Z
88173,2026-08-01,20:35,Galway,4,2,JEZEBEL EYES,0.2185,4.58,2,weak,0.902,2026-08-01T18:07:23Z
88173,2026-08-01,20:35,Galway,4,6,BADGERFORT JODY,0.1935,5.17,3,weak,0.902,2026-08-01T18:07:23Z
88173,2026-08-01,20:35,Galway,4,5,GRANGEVIEW TANGO,0.1315,7.61,4,weak,0.812,2026-08-01T18:07:23Z
88173,2026-08-01,20:35,Galway,4,3,LET THEM TALK,0.0961,10.4,5,weak,0.911,2026-08-01T18:07:23Z
88173,2026-08-01,20:35,Galway,4,1,HOLLYWELL SPICE,0.0497,20.11,6,weak,0.938,2026-08-01T18:07:23Z
88181,2026-08-01,20:35,Mullingar,4,2,HOME RIAN,0.3467,2.88,1,weak,0.938,2026-08-01T18:07:23Z
88181,2026-08-01,20:35,Mullingar,4,1,COOLNAHAY,0.2954,3.39,2,weak,0.955,2026-08-01T18:07:23Z
88181,2026-08-01,20:35,Mullingar,4,3,SULTAO QUEEN,0.1592,6.28,3,weak,0.938,2026-08-01T18:07:23Z
88181,2026-08-01,20:35,Mullingar,4,4,SNAZZY HILL,0.1016,9.85,4,weak,0.929,2026-08-01T18:07:23Z
88181,2026-08-01,20:35,Mullingar,4,6,LOWTOWN DREAM,0.0556,18.0,5,weak,0.964,2026-08-01T18:07:23Z
88181,2026-08-01,20:35,Mullingar,4,5,MUTTS COCO,0.0416,24.03,6,weak,0.929,2026-08-01T18:07:23Z
88122,2026-08-01,20:35,Waterford,5,1,SCRAHAN FOX,0.4222,2.37,1,strong,0.946,2026-08-01T18:07:23Z
88122,2026-08-01,20:35,Waterford,5,3,POULLDARRIG JET,0.1624,6.16,2,strong,0.964,2026-08-01T18:07:23Z
88122,2026-08-01,20:35,Waterford,5,6,ROCKMOUNT OMAR,0.1379,7.25,3,strong,0.857,2026-08-01T18:07:23Z
88122,2026-08-01,20:35,Waterford,5,4,RASTAFARI RAFA,0.1344,7.44,4,strong,0.955,2026-08-01T18:07:23Z
88122,2026-08-01,20:35,Waterford,5,2,LULUBELLE,0.1289,7.76,5,strong,0.946,2026-08-01T18:07:23Z
88122,2026-08-01,20:35,Waterford,5,5,CRACK ON MACK,0.0143,70.05,6,strong,0.946,2026-08-01T18:07:23Z
88113,2026-08-01,20:39,Limerick,5,6,TOOLMAKER DYNOMO,0.2677,3.74,1,weak,0.866,2026-08-01T18:07:23Z
88113,2026-08-01,20:39,Limerick,5,4,GOODNITEKATHLEEN,0.199,5.02,2,weak,0.902,2026-08-01T18:07:23Z
88113,2026-08-01,20:39,Limerick,5,2,DROMBEG FLASH,0.1843,5.43,3,weak,0.893,2026-08-01T18:07:23Z
88113,2026-08-01,20:39,Limerick,5,5,DROOPYS MAP,0.1564,6.39,4,weak,0.911,2026-08-01T18:07:23Z
88113,2026-08-01,20:39,Limerick,5,1,BALYMARTIN NEADY,0.1264,7.91,5,weak,0.857,2026-08-01T18:07:23Z
88113,2026-08-01,20:39,Limerick,5,3,OLL THE DOLL,0.0663,15.09,6,weak,0.875,2026-08-01T18:07:23Z
88086,2026-08-01,20:40,Curraheen Park,4,5,BUSHPARK LENNIE,0.2625,3.81,1,weak,0.839,2026-08-01T18:07:23Z
88086,2026-08-01,20:40,Curraheen Park,4,6,GORTKELLY ELY,0.1971,5.07,2,weak,0.875,2026-08-01T18:07:23Z
88086,2026-08-01,20:40,Curraheen Park,4,3,LONG LEGS LARRY,0.1877,5.33,3,weak,0.812,2026-08-01T18:07:23Z
88086,2026-08-01,20:40,Curraheen Park,4,1,CANADIAN COGHLAN,0.1333,7.5,4,weak,0.938,2026-08-01T18:07:23Z
88086,2026-08-01,20:40,Curraheen Park,4,2,ROVERS BLUEY,0.1196,8.36,5,weak,0.938,2026-08-01T18:07:23Z
88086,2026-08-01,20:40,Curraheen Park,4,4,ORDERLY QUEUE,0.0999,10.01,6,weak,0.821,2026-08-01T18:07:23Z
88134,2026-08-01,20:45,Longford,5,3,ACE PRINCESS,0.3507,2.85,1,weak,0.964,2026-08-01T18:07:23Z
88134,2026-08-01,20:45,Longford,5,4,HI SONNY,0.2685,3.72,2,weak,0.938,2026-08-01T18:07:23Z
88134,2026-08-01,20:45,Longford,5,1,SHETELLYOUNOTHIN,0.1402,7.13,3,weak,0.946,2026-08-01T18:07:23Z
88134,2026-08-01,20:45,Longford,5,6,LOTUS PEARL,0.118,8.48,4,weak,0.964,2026-08-01T18:07:23Z
88134,2026-08-01,20:45,Longford,5,2,LARKINTHEEVENING,0.0792,12.63,5,weak,0.955,2026-08-01T18:07:23Z
88134,2026-08-01,20:45,Longford,5,5,ROSSIES FLOSSY,0.0434,23.06,6,weak,0.955,2026-08-01T18:07:23Z
88203,2026-08-01,20:45,Thurles Park,8,6,BORNA STAR,0.2449,4.08,1,avoid,0.848,2026-08-01T18:07:23Z
88203,2026-08-01,20:45,Thurles Park,8,3,GRIMBOT LAYA,0.2219,4.51,2,avoid,0.955,2026-08-01T18:07:23Z
88203,2026-08-01,20:45,Thurles Park,8,4,STEPHENS BLISS,0.1836,5.45,3,avoid,0.946,2026-08-01T18:07:23Z
88203,2026-08-01,20:45,Thurles Park,8,5,RATHFALLA SALAH,0.162,6.17,4,avoid,0.929,2026-08-01T18:07:23Z
88203,2026-08-01,20:45,Thurles Park,8,1,LISDALEEN MONA,0.1229,8.14,5,avoid,0.955,2026-08-01T18:07:23Z
88203,2026-08-01,20:45,Thurles Park,8,2,BEANNACHT JON,0.0647,15.45,6,avoid,0.938,2026-08-01T18:07:23Z
88209,2026-08-01,20:46,Tralee,5,2,MYSTIC ECHO,0.3296,3.03,1,weak,0.929,2026-08-01T18:07:23Z
88209,2026-08-01,20:46,Tralee,5,6,MAGLASS RANGER,0.2843,3.52,2,weak,0.955,2026-08-01T18:07:23Z
88209,2026-08-01,20:46,Tralee,5,3,CONFIDENT ROCK,0.1735,5.76,3,weak,0.929,2026-08-01T18:07:23Z
88209,2026-08-01,20:46,Tralee,5,5,STAYAWAY MISTY,0.1512,6.61,4,weak,0.938,2026-08-01T18:07:23Z
88209,2026-08-01,20:46,Tralee,5,4,QUIET ROYCE,0.0472,21.2,5,weak,0.92,2026-08-01T18:07:23Z
88209,2026-08-01,20:46,Tralee,5,1,TIMMYS ANGLES,0.0142,70.34,6,weak,0.875,2026-08-01T18:07:23Z
88191,2026-08-01,20:48,Shelbourne Park,6,2,THE OTHER MEL,0.2466,4.06,1,avoid,0.866,2026-08-01T18:07:23Z
88191,2026-08-01,20:48,Shelbourne Park,6,5,BOMBAY SPECIAL,0.2264,4.42,2,avoid,0.866,2026-08-01T18:07:23Z
88191,2026-08-01,20:48,Shelbourne Park,6,4,SILENT NOELLE,0.1747,5.73,3,avoid,0.902,2026-08-01T18:07:23Z
88191,2026-08-01,20:48,Shelbourne Park,6,3,MAIREADS SUSIE,0.1411,7.09,4,avoid,0.911,2026-08-01T18:07:23Z
88191,2026-08-01,20:48,Shelbourne Park,6,1,BOCKOS SAPPHIRE,0.1364,7.33,5,avoid,0.893,2026-08-01T18:07:23Z
88191,2026-08-01,20:48,Shelbourne Park,6,6,DROOPYS MEZZA,0.0748,13.37,6,avoid,0.929,2026-08-01T18:07:23Z
88094,2026-08-01,20:50,Drumbo Park,3,3,FALSE DEAL,0.2798,3.57,1,avoid,0.929,2026-08-01T18:07:23Z
88094,2026-08-01,20:50,Drumbo Park,3,1,NO TEA TOM,0.2356,4.24,2,avoid,0.884,2026-08-01T18:07:23Z
88094,2026-08-01,20:50,Drumbo Park,3,5,EAGER AINE,0.223,4.48,3,avoid,0.929,2026-08-01T18:07:23Z
88094,2026-08-01,20:50,Drumbo Park,3,6,YARN BIRD,0.1803,5.55,4,avoid,0.857,2026-08-01T18:07:23Z
88094,2026-08-01,20:50,Drumbo Park,3,2,PURMAC PADDY,0.0813,12.3,5,avoid,0.946,2026-08-01T18:07:23Z
88104,2026-08-01,20:50,Dundalk Stadium,5,5,TIERMANA DREAM,0.343,2.92,1,strong,0.893,2026-08-01T18:07:23Z
88104,2026-08-01,20:50,Dundalk Stadium,5,2,FIRSTPASTTHEPOST,0.1729,5.78,2,strong,0.902,2026-08-01T18:07:23Z
88104,2026-08-01,20:50,Dundalk Stadium,5,6,VELVET SAMBA,0.1661,6.02,3,strong,0.893,2026-08-01T18:07:23Z
88104,2026-08-01,20:50,Dundalk Stadium,5,4,ANOTHERCUPOFTEA,0.1525,6.56,4,strong,0.848,2026-08-01T18:07:23Z
88104,2026-08-01,20:50,Dundalk Stadium,5,3,BAREFOOT ON FIRE,0.1462,6.84,5,strong,0.875,2026-08-01T18:07:23Z
88104,2026-08-01,20:50,Dundalk Stadium,5,1,AAYAMZA JET,0.0193,51.72,6,strong,0.866,2026-08-01T18:07:23Z
88174,2026-08-01,20:50,Galway,5,4,MAGICAL ELOISE,0.3673,2.72,1,weak,0.964,2026-08-01T18:07:23Z
88174,2026-08-01,20:50,Galway,5,2,KILTARTAN CHOSEN,0.3128,3.2,2,weak,0.946,2026-08-01T18:07:23Z
88174,2026-08-01,20:50,Galway,5,1,OZARK MAGIC,0.1271,7.87,3,weak,0.973,2026-08-01T18:07:23Z
88174,2026-08-01,20:50,Galway,5,3,BRICKHILL DOLLY,0.0799,12.52,4,weak,0.973,2026-08-01T18:07:23Z
88174,2026-08-01,20:50,Galway,5,6,TRINITY BOB,0.0681,14.69,5,weak,0.955,2026-08-01T18:07:23Z
88174,2026-08-01,20:50,Galway,5,5,POPPYS OREO,0.0449,22.3,6,weak,0.964,2026-08-01T18:07:23Z
88182,2026-08-01,20:50,Mullingar,5,6,RESTIN YOU EYES,0.2675,3.74,1,weak,0.938,2026-08-01T18:07:23Z
88182,2026-08-01,20:50,Mullingar,5,2,ANTEPOST ELLIE,0.1994,5.02,2,weak,0.964,2026-08-01T18:07:23Z
88182,2026-08-01,20:50,Mullingar,5,3,BOYNEPARK CINO,0.187,5.35,3,weak,0.92,2026-08-01T18:07:23Z
88182,2026-08-01,20:50,Mullingar,5,4,HOME MAIREAD,0.1778,5.62,4,weak,0.946,2026-08-01T18:07:23Z
88182,2026-08-01,20:50,Mullingar,5,1,LAHINCH AYDA,0.1365,7.33,5,weak,0.973,2026-08-01T18:07:23Z
88182,2026-08-01,20:50,Mullingar,5,5,SNADGER,0.0319,31.38,6,weak,0.955,2026-08-01T18:07:23Z
88123,2026-08-01,20:50,Waterford,6,4,NAYLORS TEA POT,0.2686,3.72,1,weak,0.964,2026-08-01T18:07:23Z
88123,2026-08-01,20:50,Waterford,6,2,GLENROCK ROPY,0.2063,4.85,2,weak,0.938,2026-08-01T18:07:23Z
88123,2026-08-01,20:50,Waterford,6,6,ALIEN ZEN,0.1644,6.08,3,weak,0.964,2026-08-01T18:07:23Z
88123,2026-08-01,20:50,Waterford,6,5,BALLINA BEAUTY,0.1587,6.3,4,weak,0.866,2026-08-01T18:07:23Z
88123,2026-08-01,20:50,Waterford,6,1,BRYNOFFA VENUS,0.129,7.75,5,weak,0.964,2026-08-01T18:07:23Z
88123,2026-08-01,20:50,Waterford,6,3,JAY JAY,0.073,13.71,6,weak,0.955,2026-08-01T18:07:23Z
88114,2026-08-01,20:54,Limerick,6,5,SPARTA CALLI,0.2699,3.71,1,weak,0.884,2026-08-01T18:07:23Z
88114,2026-08-01,20:54,Limerick,6,4,LENNIES DESIRE,0.2241,4.46,2,weak,0.902,2026-08-01T18:07:23Z
88114,2026-08-01,20:54,Limerick,6,6,VALLEYMOUNT LIA,0.2237,4.47,3,weak,0.902,2026-08-01T18:07:23Z
88114,2026-08-01,20:54,Limerick,6,1,BLACKSTONE COLA,0.161,6.21,4,weak,0.866,2026-08-01T18:07:23Z
88114,2026-08-01,20:54,Limerick,6,3,SQUINTY MAGINTY,0.1023,9.78,5,weak,0.92,2026-08-01T18:07:23Z
88114,2026-08-01,20:54,Limerick,6,2,FIRE HEIGHT KAI,0.019,52.55,6,weak,0.804,2026-08-01T18:07:23Z
88087,2026-08-01,20:55,Curraheen Park,5,3,KNOCKGLASS JOE,0.3235,3.09,1,weak,0.946,2026-08-01T18:07:23Z
88087,2026-08-01,20:55,Curraheen Park,5,1,BLACKROSE SILVER,0.2503,4.0,2,weak,0.804,2026-08-01T18:07:23Z
88087,2026-08-01,20:55,Curraheen Park,5,5,LIAMS AMIGO,0.1314,7.61,3,weak,0.812,2026-08-01T18:07:23Z
88087,2026-08-01,20:55,Curraheen Park,5,2,EPIC JACK,0.1187,8.43,4,weak,0.857,2026-08-01T18:07:23Z
88087,2026-08-01,20:55,Curraheen Park,5,4,CILLNACU BLAZER,0.0898,11.14,5,weak,0.911,2026-08-01T18:07:23Z
88087,2026-08-01,20:55,Curraheen Park,5,6,CODE FOUR,0.0863,11.58,6,weak,0.92,2026-08-01T18:07:23Z
88135,2026-08-01,21:00,Longford,6,3,BRASIDAS,0.435,2.3,1,strong,0.946,2026-08-01T18:07:23Z
88135,2026-08-01,21:00,Longford,6,1,DEVON IDOL,0.1493,6.7,2,strong,0.964,2026-08-01T18:07:23Z
88135,2026-08-01,21:00,Longford,6,4,SNIPER ORLA WRAY,0.1437,6.96,3,strong,0.973,2026-08-01T18:07:23Z
88135,2026-08-01,21:00,Longford,6,6,DEELISH LENNY,0.1229,8.14,4,strong,0.911,2026-08-01T18:07:23Z
88135,2026-08-01,21:00,Longford,6,5,CORCASS COYOTE,0.0945,10.59,5,strong,0.946,2026-08-01T18:07:23Z
88135,2026-08-01,21:00,Longford,6,2,ROPEWALK BLACK,0.0547,18.29,6,strong,0.92,2026-08-01T18:07:23Z
88204,2026-08-01,21:00,Thurles Park,9,4,TEXT AMIRIGHT,0.2536,3.94,1,avoid,0.946,2026-08-01T18:07:23Z
88204,2026-08-01,21:00,Thurles Park,9,5,TOMS JOHN DEERE,0.222,4.5,2,avoid,0.946,2026-08-01T18:07:23Z
88204,2026-08-01,21:00,Thurles Park,9,2,BORNA WISP,0.1767,5.66,3,avoid,0.964,2026-08-01T18:07:23Z
88204,2026-08-01,21:00,Thurles Park,9,1,CABRA CHIEF,0.1191,8.4,4,avoid,0.973,2026-08-01T18:07:23Z
88204,2026-08-01,21:00,Thurles Park,9,3,WHIZZING ANNIE,0.1145,8.74,5,avoid,0.973,2026-08-01T18:07:23Z
88204,2026-08-01,21:00,Thurles Park,9,6,BALLYDUAG CIANO,0.1142,8.76,6,avoid,0.955,2026-08-01T18:07:23Z
88210,2026-08-01,21:01,Tralee,6,3,BALLYGLEN BLUE,0.296,3.38,1,avoid,0.92,2026-08-01T18:07:23Z
88210,2026-08-01,21:01,Tralee,6,6,KNOCKOUT JEWEL,0.2539,3.94,2,avoid,0.741,2026-08-01T18:07:23Z
88210,2026-08-01,21:01,Tralee,6,4,ALL LUCK HOLLY,0.1883,5.31,3,avoid,0.938,2026-08-01T18:07:23Z
88210,2026-08-01,21:01,Tralee,6,5,AVRILS DAUGHTER,0.142,7.04,4,avoid,0.857,2026-08-01T18:07:23Z
88210,2026-08-01,21:01,Tralee,6,1,SUPERSONIC PETE,0.082,12.2,5,avoid,0.938,2026-08-01T18:07:23Z
88210,2026-08-01,21:01,Tralee,6,2,CRIME STOP,0.0378,26.48,6,avoid,0.938,2026-08-01T18:07:23Z
88095,2026-08-01,21:05,Drumbo Park,4,6,COLROSE LADY,0.3275,3.05,1,weak,0.893,2026-08-01T18:07:23Z
88095,2026-08-01,21:05,Drumbo Park,4,1,DREAMY HAZE,0.2681,3.73,2,weak,0.955,2026-08-01T18:07:23Z
88095,2026-08-01,21:05,Drumbo Park,4,2,PINK SKYE,0.2144,4.67,3,weak,0.92,2026-08-01T18:07:23Z
88095,2026-08-01,21:05,Drumbo Park,4,5,ORANGE PADDY,0.1224,8.17,4,weak,0.92,2026-08-01T18:07:23Z
88095,2026-08-01,21:05,Drumbo Park,4,3,REVILO GRACE,0.0677,14.77,5,weak,0.938,2026-08-01T18:07:23Z
88105,2026-08-01,21:05,Dundalk Stadium,6,1,MONTANA SECRET,0.2894,3.46,1,weak,0.884,2026-08-01T18:07:23Z
88105,2026-08-01,21:05,Dundalk Stadium,6,4,BUDDY BRUNO,0.2118,4.72,2,weak,0.839,2026-08-01T18:07:23Z
88105,2026-08-01,21:05,Dundalk Stadium,6,6,CRAFTY COOLIO,0.2037,4.91,3,weak,0.884,2026-08-01T18:07:23Z
88105,2026-08-01,21:05,Dundalk Stadium,6,2,BORN RANGER,0.1532,6.53,4,weak,0.884,2026-08-01T18:07:23Z
88105,2026-08-01,21:05,Dundalk Stadium,6,3,SOUTHWIND STORM,0.0942,10.62,5,weak,0.911,2026-08-01T18:07:23Z
88105,2026-08-01,21:05,Dundalk Stadium,6,5,DRUMDOIT CLOVER,0.0477,20.95,6,weak,0.902,2026-08-01T18:07:23Z
88175,2026-08-01,21:05,Galway,6,4,ALVA CHASE,0.3868,2.59,1,strong,0.955,2026-08-01T18:07:23Z
88175,2026-08-01,21:05,Galway,6,3,SPRINGWELL JAX,0.1898,5.27,2,strong,0.973,2026-08-01T18:07:23Z
88175,2026-08-01,21:05,Galway,6,6,CRINKILL RANGER,0.1566,6.39,3,strong,0.973,2026-08-01T18:07:23Z
88175,2026-08-01,21:05,Galway,6,2,PLAY MATE,0.1486,6.73,4,strong,0.92,2026-08-01T18:07:23Z
88175,2026-08-01,21:05,Galway,6,1,FIVE ALLEY MIKE,0.0891,11.22,5,strong,0.973,2026-08-01T18:07:23Z
88175,2026-08-01,21:05,Galway,6,5,CROAGHILL MAGIC,0.0291,34.33,6,strong,0.973,2026-08-01T18:07:23Z
88183,2026-08-01,21:05,Mullingar,6,3,CARD OR CASH,0.3035,3.3,1,avoid,0.955,2026-08-01T18:07:23Z
88183,2026-08-01,21:05,Mullingar,6,2,LOTTO WINNER,0.2802,3.57,2,avoid,0.964,2026-08-01T18:07:23Z
88183,2026-08-01,21:05,Mullingar,6,1,MILLIES WOOD,0.199,5.03,3,avoid,0.964,2026-08-01T18:07:23Z
88183,2026-08-01,21:05,Mullingar,6,4,SPOTS OF MONEY,0.1763,5.67,4,avoid,0.955,2026-08-01T18:07:23Z
88183,2026-08-01,21:05,Mullingar,6,5,BUBBLES HOUDINI,0.0301,33.18,5,avoid,0.938,2026-08-01T18:07:23Z
88183,2026-08-01,21:05,Mullingar,6,6,SHELONE YANKEE,0.0109,91.34,6,avoid,0.946,2026-08-01T18:07:23Z
88124,2026-08-01,21:05,Waterford,7,3,AMAZING POWER,0.29,3.45,1,weak,0.946,2026-08-01T18:07:23Z
88124,2026-08-01,21:05,Waterford,7,4,CHAPELSTBRUNO,0.2222,4.5,2,weak,0.964,2026-08-01T18:07:23Z
88124,2026-08-01,21:05,Waterford,7,6,COONEYSUPATFOUR,0.1509,6.63,3,weak,0.973,2026-08-01T18:07:23Z
88124,2026-08-01,21:05,Waterford,7,2,FAGANS BIANCO,0.139,7.19,4,weak,0.946,2026-08-01T18:07:23Z
88124,2026-08-01,21:05,Waterford,7,5,HOOKY HANDICAP,0.1139,8.78,5,weak,0.973,2026-08-01T18:07:23Z
88124,2026-08-01,21:05,Waterford,7,1,ROCKMOUNT GLOBAL,0.0839,11.92,6,weak,0.973,2026-08-01T18:07:23Z
88192,2026-08-01,21:06,Shelbourne Park,7,2,GAYTIME TECO,0.2433,4.11,1,avoid,0.866,2026-08-01T18:07:23Z
88192,2026-08-01,21:06,Shelbourne Park,7,3,JACKTAVERN BULL,0.2096,4.77,2,avoid,0.902,2026-08-01T18:07:23Z
88192,2026-08-01,21:06,Shelbourne Park,7,1,DROOPYS WINSOME,0.2088,4.79,3,avoid,0.902,2026-08-01T18:07:23Z
88192,2026-08-01,21:06,Shelbourne Park,7,4,BROTHER THOMAS,0.191,5.24,4,avoid,0.866,2026-08-01T18:07:23Z
88192,2026-08-01,21:06,Shelbourne Park,7,6,AUSSIE REWARD,0.1073,9.32,5,avoid,0.911,2026-08-01T18:07:23Z
88192,2026-08-01,21:06,Shelbourne Park,7,5,KILCOLGAN NORMAN,0.04,24.98,6,avoid,0.929,2026-08-01T18:07:23Z
88115,2026-08-01,21:09,Limerick,7,5,SNUGGIE TASHA,0.2805,3.57,1,moderate,0.964,2026-08-01T18:07:23Z
88115,2026-08-01,21:09,Limerick,7,2,BOARDOFPEACE,0.1692,5.91,2,moderate,0.938,2026-08-01T18:07:23Z
88115,2026-08-01,21:09,Limerick,7,3,KEVINSFORT HARDY,0.1578,6.34,3,moderate,0.964,2026-08-01T18:07:23Z
88115,2026-08-01,21:09,Limerick,7,1,FRENCHFORT FOG,0.1555,6.43,4,moderate,0.929,2026-08-01T18:07:23Z
88115,2026-08-01,21:09,Limerick,7,4,TYRAP MALACHI,0.1268,7.89,5,moderate,0.964,2026-08-01T18:07:23Z
88115,2026-08-01,21:09,Limerick,7,6,BUNDLE OF FIVERS,0.1102,9.08,6,moderate,0.946,2026-08-01T18:07:23Z
88088,2026-08-01,21:11,Curraheen Park,6,3,CILL DUBH COTHAL,0.2989,3.35,1,weak,0.902,2026-08-01T18:07:23Z
88088,2026-08-01,21:11,Curraheen Park,6,4,NOON BALLAD,0.2304,4.34,2,weak,0.902,2026-08-01T18:07:23Z
88088,2026-08-01,21:11,Curraheen Park,6,2,BALLYCOWEN ARCHY,0.1795,5.57,3,weak,0.946,2026-08-01T18:07:23Z
88088,2026-08-01,21:11,Curraheen Park,6,6,SLEEDAGH CHARM,0.1257,7.96,4,weak,0.946,2026-08-01T18:07:23Z
88088,2026-08-01,21:11,Curraheen Park,6,1,IVO,0.1224,8.17,5,weak,0.938,2026-08-01T18:07:23Z
88088,2026-08-01,21:11,Curraheen Park,6,5,MISSOURI ICE,0.0431,23.19,6,weak,0.946,2026-08-01T18:07:23Z
88136,2026-08-01,21:15,Longford,7,4,SEOMRA BISCUIT,0.2541,3.94,1,avoid,0.902,2026-08-01T18:07:23Z
88136,2026-08-01,21:15,Longford,7,3,HONEY CHAMP,0.2228,4.49,2,avoid,0.857,2026-08-01T18:07:23Z
88136,2026-08-01,21:15,Longford,7,1,MONROE MAX,0.1785,5.6,3,avoid,0.973,2026-08-01T18:07:23Z
88136,2026-08-01,21:15,Longford,7,5,RUN ON BEAN,0.1729,5.78,4,avoid,0.955,2026-08-01T18:07:23Z
88136,2026-08-01,21:15,Longford,7,6,HIGHVIEW MIKE,0.1522,6.57,5,avoid,0.946,2026-08-01T18:07:23Z
88136,2026-08-01,21:15,Longford,7,2,THREEBAGSOFMEAT,0.0196,51.02,6,avoid,0.973,2026-08-01T18:07:23Z
88211,2026-08-01,21:16,Tralee,7,4,VENTRY RANGER,0.2903,3.44,1,weak,0.911,2026-08-01T18:07:23Z
88211,2026-08-01,21:16,Tralee,7,2,BODEN,0.2343,4.27,2,weak,0.929,2026-08-01T18:07:23Z
88211,2026-08-01,21:16,Tralee,7,1,HADTOBE TOM,0.171,5.85,3,weak,0.911,2026-08-01T18:07:23Z
88211,2026-08-01,21:16,Tralee,7,3,ZOOM BELLE,0.1117,8.96,4,weak,0.946,2026-08-01T18:07:23Z
88211,2026-08-01,21:16,Tralee,7,6,JASONS HOPE,0.1049,9.53,5,weak,0.964,2026-08-01T18:07:23Z
88211,2026-08-01,21:16,Tralee,7,5,BEGINISH JACK,0.0877,11.4,6,weak,0.938,2026-08-01T18:07:23Z
88106,2026-08-01,21:20,Dundalk Stadium,7,3,DROOPYS APOLLO,0.2532,3.95,1,weak,0.866,2026-08-01T18:07:23Z
88106,2026-08-01,21:20,Dundalk Stadium,7,4,TIERMANA HUNTER,0.1681,5.95,2,weak,0.893,2026-08-01T18:07:23Z
88106,2026-08-01,21:20,Dundalk Stadium,7,1,GIZMO MYSTERIO,0.1628,6.14,3,weak,0.884,2026-08-01T18:07:23Z
88106,2026-08-01,21:20,Dundalk Stadium,7,5,THE OTHER WILD,0.152,6.58,4,weak,0.875,2026-08-01T18:07:23Z
88106,2026-08-01,21:20,Dundalk Stadium,7,6,FANTASY ADAM,0.1379,7.25,5,weak,0.821,2026-08-01T18:07:23Z
88106,2026-08-01,21:20,Dundalk Stadium,7,2,LOOKING SPLENDID,0.1261,7.93,6,weak,0.875,2026-08-01T18:07:23Z
88176,2026-08-01,21:20,Galway,7,6,BALLYEA MARSHALL,0.3206,3.12,1,moderate,0.973,2026-08-01T18:07:23Z
88176,2026-08-01,21:20,Galway,7,3,DEADLY ACE,0.2023,4.94,2,moderate,0.938,2026-08-01T18:07:23Z
88176,2026-08-01,21:20,Galway,7,4,CHARMING CIARA,0.1855,5.39,3,moderate,0.964,2026-08-01T18:07:23Z
88176,2026-08-01,21:20,Galway,7,5,REACT JESS,0.1668,5.99,4,moderate,0.964,2026-08-01T18:07:23Z
88176,2026-08-01,21:20,Galway,7,1,PIERVIEW BIG ROB,0.1031,9.7,5,moderate,0.955,2026-08-01T18:07:23Z
88176,2026-08-01,21:20,Galway,7,2,DRIMEEN JETTY,0.0217,46.18,6,moderate,0.973,2026-08-01T18:07:23Z
88184,2026-08-01,21:20,Mullingar,7,2,BAWN JET,0.2479,4.03,1,avoid,0.955,2026-08-01T18:07:23Z
88184,2026-08-01,21:20,Mullingar,7,6,TOWNS PRIDE,0.2152,4.65,2,avoid,0.964,2026-08-01T18:07:23Z
88184,2026-08-01,21:20,Mullingar,7,5,SUPER TROUPER,0.2046,4.89,3,avoid,0.955,2026-08-01T18:07:23Z
88184,2026-08-01,21:20,Mullingar,7,3,KILLESHIL MESSI,0.1717,5.82,4,avoid,0.964,2026-08-01T18:07:23Z
88184,2026-08-01,21:20,Mullingar,7,4,FAHY SHOP,0.0948,10.55,5,avoid,0.955,2026-08-01T18:07:23Z
88184,2026-08-01,21:20,Mullingar,7,1,SWIFT YOLANDI,0.0657,15.21,6,avoid,0.955,2026-08-01T18:07:23Z
88125,2026-08-01,21:20,Waterford,8,2,MOONVEEN FLOSS,0.2556,3.91,1,avoid,0.955,2026-08-01T18:07:23Z
88125,2026-08-01,21:20,Waterford,8,4,MOONVEEN TESS,0.24,4.17,2,avoid,0.938,2026-08-01T18:07:23Z
88125,2026-08-01,21:20,Waterford,8,3,ALMIGHTY ELSA,0.199,5.03,3,avoid,0.973,2026-08-01T18:07:23Z
88125,2026-08-01,21:20,Waterford,8,6,NANS ZIGGY,0.1732,5.77,4,avoid,0.946,2026-08-01T18:07:23Z
88125,2026-08-01,21:20,Waterford,8,1,CRACK ON BONNIE,0.0761,13.14,5,avoid,0.946,2026-08-01T18:07:23Z
88125,2026-08-01,21:20,Waterford,8,5,NAMETAB SISU,0.056,17.85,6,avoid,0.964,2026-08-01T18:07:23Z
88193,2026-08-01,21:24,Shelbourne Park,8,4,BRICKHILL SKY,0.2997,3.34,1,weak,0.92,2026-08-01T18:07:23Z
88193,2026-08-01,21:24,Shelbourne Park,8,5,CALLAWAY FIA,0.2355,4.25,2,weak,0.902,2026-08-01T18:07:23Z
88193,2026-08-01,21:24,Shelbourne Park,8,3,CARRICK YORKY,0.1837,5.44,3,weak,0.902,2026-08-01T18:07:23Z
88193,2026-08-01,21:24,Shelbourne Park,8,2,HIGHVIEW QUITLY,0.106,9.44,4,weak,0.902,2026-08-01T18:07:23Z
88193,2026-08-01,21:24,Shelbourne Park,8,1,HARRY HOUDINI,0.0919,10.88,5,weak,0.911,2026-08-01T18:07:23Z
88193,2026-08-01,21:24,Shelbourne Park,8,6,CURRAGHMOREDAISY,0.0832,12.01,6,weak,0.92,2026-08-01T18:07:23Z
88116,2026-08-01,21:26,Limerick,8,3,LAOIS LIGHTNING,0.2619,3.82,1,avoid,0.92,2026-08-01T18:07:23Z
88116,2026-08-01,21:26,Limerick,8,1,KEVINSFORT TRUMP,0.2426,4.12,2,avoid,0.92,2026-08-01T18:07:23Z
88116,2026-08-01,21:26,Limerick,8,2,BLASTOFF RICKY,0.222,4.5,3,avoid,0.938,2026-08-01T18:07:23Z
88116,2026-08-01,21:26,Limerick,8,5,STICK WITH ME,0.1592,6.28,4,avoid,0.929,2026-08-01T18:07:23Z
88116,2026-08-01,21:26,Limerick,8,4,TYRAP JESSIE,0.0669,14.94,5,avoid,0.92,2026-08-01T18:07:23Z
88116,2026-08-01,21:26,Limerick,8,6,CRICKLEOWL JOSE,0.0474,21.12,6,avoid,0.929,2026-08-01T18:07:23Z
88089,2026-08-01,21:27,Curraheen Park,7,1,AIR HOSTESS,0.2593,3.86,1,avoid,0.955,2026-08-01T18:07:23Z
88089,2026-08-01,21:27,Curraheen Park,7,6,CALLAWAY DANNY,0.2314,4.32,2,avoid,0.946,2026-08-01T18:07:23Z
88089,2026-08-01,21:27,Curraheen Park,7,5,CRACKING CODY,0.1357,7.37,3,avoid,0.946,2026-08-01T18:07:23Z
88089,2026-08-01,21:27,Curraheen Park,7,4,HAPPY ME,0.1302,7.68,4,avoid,0.955,2026-08-01T18:07:23Z
88089,2026-08-01,21:27,Curraheen Park,7,2,PATTERDALE TIMMY,0.1276,7.83,5,avoid,0.938,2026-08-01T18:07:23Z
88089,2026-08-01,21:27,Curraheen Park,7,3,PRICELESS ON ICE,0.1157,8.64,6,avoid,0.955,2026-08-01T18:07:23Z
88137,2026-08-01,21:30,Longford,8,2,INTENSIFY,0.3668,2.73,1,strong,0.857,2026-08-01T18:07:23Z
88137,2026-08-01,21:30,Longford,8,3,GORTIN CHIP,0.1895,5.28,2,strong,0.929,2026-08-01T18:07:23Z
88137,2026-08-01,21:30,Longford,8,4,HALLIES CASHOUT,0.1727,5.79,3,strong,0.946,2026-08-01T18:07:23Z
88137,2026-08-01,21:30,Longford,8,6,OAKFIELD LASS,0.1353,7.39,4,strong,0.938,2026-08-01T18:07:23Z
88137,2026-08-01,21:30,Longford,8,5,THAT MAN,0.0943,10.61,5,strong,0.973,2026-08-01T18:07:23Z
88137,2026-08-01,21:30,Longford,8,1,ARDAGH VIS,0.0413,24.2,6,strong,0.92,2026-08-01T18:07:23Z
88212,2026-08-01,21:31,Tralee,8,3,DROMTRASNA LASS,0.2383,4.2,1,avoid,0.875,2026-08-01T18:07:23Z
88212,2026-08-01,21:31,Tralee,8,6,KILWEST SYDNEY,0.2249,4.45,2,avoid,0.857,2026-08-01T18:07:23Z
88212,2026-08-01,21:31,Tralee,8,2,MILLRIDGE ARIA,0.2206,4.53,3,avoid,0.875,2026-08-01T18:07:23Z
88212,2026-08-01,21:31,Tralee,8,5,FORTWILLIAM ROSE,0.1894,5.28,4,avoid,0.875,2026-08-01T18:07:23Z
88212,2026-08-01,21:31,Tralee,8,4,POSITANO,0.0812,12.32,5,avoid,0.875,2026-08-01T18:07:23Z
88212,2026-08-01,21:31,Tralee,8,1,TAYLORS GIFT,0.0457,21.9,6,avoid,0.893,2026-08-01T18:07:23Z
88096,2026-08-01,21:35,Drumbo Park,5,5,RAMBLE AND ROLL,0.2943,3.4,1,weak,0.884,2026-08-01T18:07:23Z
88096,2026-08-01,21:35,Drumbo Park,5,4,COOLBOY TREV,0.2282,4.38,2,weak,0.893,2026-08-01T18:07:23Z
88096,2026-08-01,21:35,Drumbo Park,5,6,CLONGILL CONNIE,0.2109,4.74,3,weak,0.911,2026-08-01T18:07:23Z
88096,2026-08-01,21:35,Drumbo Park,5,3,SPRINGSIDE ROBIN,0.1031,9.7,4,weak,0.92,2026-08-01T18:07:23Z
88096,2026-08-01,21:35,Drumbo Park,5,1,EAGER MARTY,0.092,10.86,5,weak,0.946,2026-08-01T18:07:23Z
88096,2026-08-01,21:35,Drumbo Park,5,2,YAHOO PUFF,0.0715,13.98,6,weak,0.902,2026-08-01T18:07:23Z
88107,2026-08-01,21:35,Dundalk Stadium,8,4,TULLYMURRY HARP,0.355,2.82,1,strong,0.893,2026-08-01T18:07:23Z
88107,2026-08-01,21:35,Dundalk Stadium,8,5,UNANIMOUS XENA,0.1785,5.6,2,strong,0.938,2026-08-01T18:07:23Z
88107,2026-08-01,21:35,Dundalk Stadium,8,6,COOLEMOUNT BLAZE,0.1716,5.83,3,strong,0.92,2026-08-01T18:07:23Z
88107,2026-08-01,21:35,Dundalk Stadium,8,2,GROVE BELLA,0.1559,6.41,4,strong,0.902,2026-08-01T18:07:23Z
88107,2026-08-01,21:35,Dundalk Stadium,8,3,TOLLSTONE FLASH,0.0837,11.95,5,strong,0.955,2026-08-01T18:07:23Z
88107,2026-08-01,21:35,Dundalk Stadium,8,1,DARRAGHS GAIN,0.0552,18.11,6,strong,0.911,2026-08-01T18:07:23Z
88177,2026-08-01,21:35,Galway,8,2,ROCK COUNTRY,0.2677,3.74,1,avoid,0.866,2026-08-01T18:07:23Z
88177,2026-08-01,21:35,Galway,8,1,CLONFEIGH JETTY,0.2578,3.88,2,avoid,0.92,2026-08-01T18:07:23Z
88177,2026-08-01,21:35,Galway,8,6,GUIDEYS MERLIN,0.1745,5.73,3,avoid,0.902,2026-08-01T18:07:23Z
88177,2026-08-01,21:35,Galway,8,4,FLYERS BURGER,0.1294,7.73,4,avoid,0.911,2026-08-01T18:07:23Z
88177,2026-08-01,21:35,Galway,8,5,DEVON SUSIE,0.0915,10.93,5,avoid,0.884,2026-08-01T18:07:23Z
88177,2026-08-01,21:35,Galway,8,3,BRUMBYS BEST,0.0792,12.63,6,avoid,0.929,2026-08-01T18:07:23Z
88185,2026-08-01,21:35,Mullingar,8,5,BAILIE BOY,0.2825,3.54,1,weak,0.929,2026-08-01T18:07:23Z
88185,2026-08-01,21:35,Mullingar,8,3,DROOPYS BUGLE,0.2314,4.32,2,weak,0.964,2026-08-01T18:07:23Z
88185,2026-08-01,21:35,Mullingar,8,2,BLUEJIG TEDDY,0.202,4.95,3,weak,0.973,2026-08-01T18:07:23Z
88185,2026-08-01,21:35,Mullingar,8,6,KUMA RHAENYRA,0.1883,5.31,4,weak,0.973,2026-08-01T18:07:23Z
88185,2026-08-01,21:35,Mullingar,8,1,HIGHVIEW FLARE,0.0598,16.71,5,weak,0.964,2026-08-01T18:07:23Z
88185,2026-08-01,21:35,Mullingar,8,4,GRANREE JANEY,0.036,27.8,6,weak,0.911,2026-08-01T18:07:23Z
88126,2026-08-01,21:35,Waterford,9,2,BAREFOOT ROSCOE,0.3717,2.69,1,moderate,0.902,2026-08-01T18:07:23Z
88126,2026-08-01,21:35,Waterford,9,4,SLANEYSIDE PIPER,0.2473,4.04,2,moderate,0.92,2026-08-01T18:07:23Z
88126,2026-08-01,21:35,Waterford,9,3,ALMOST BONNIE,0.1808,5.53,3,moderate,0.92,2026-08-01T18:07:23Z
88126,2026-08-01,21:35,Waterford,9,1,PEARSE THECOOPER,0.0681,14.69,4,moderate,0.938,2026-08-01T18:07:23Z
88126,2026-08-01,21:35,Waterford,9,5,LOUGH MALACHY,0.0671,14.91,5,moderate,0.911,2026-08-01T18:07:23Z
88126,2026-08-01,21:35,Waterford,9,6,GIS A BREAK,0.0651,15.37,6,moderate,0.929,2026-08-01T18:07:23Z
88194,2026-08-01,21:40,Shelbourne Park,9,3,BALLYMAC HITMAN,0.2784,3.59,1,avoid,0.848,2026-08-01T18:07:23Z
88194,2026-08-01,21:40,Shelbourne Park,9,4,ROARIN OGARA,0.2317,4.32,2,avoid,0.893,2026-08-01T18:07:23Z
88194,2026-08-01,21:40,Shelbourne Park,9,6,LENNIES JAMESMAC,0.1871,5.35,3,avoid,0.83,2026-08-01T18:07:23Z
88194,2026-08-01,21:40,Shelbourne Park,9,2,THURLESBEG DUKE,0.1419,7.05,4,avoid,0.866,2026-08-01T18:07:23Z
88194,2026-08-01,21:40,Shelbourne Park,9,5,GROUP GUNBOAT,0.1187,8.43,5,avoid,0.839,2026-08-01T18:07:23Z
88194,2026-08-01,21:40,Shelbourne Park,9,1,VILLARICOS,0.0423,23.64,6,avoid,0.911,2026-08-01T18:07:23Z
88117,2026-08-01,21:42,Limerick,9,3,BOOZED WISH,0.3229,3.1,1,weak,0.911,2026-08-01T18:07:23Z
88117,2026-08-01,21:42,Limerick,9,1,VERNON MIST,0.2459,4.07,2,weak,0.893,2026-08-01T18:07:23Z
88117,2026-08-01,21:42,Limerick,9,4,HAWK SO BLACK,0.1355,7.38,3,weak,0.92,2026-08-01T18:07:23Z
88117,2026-08-01,21:42,Limerick,9,2,PORTRUSH BEN,0.1351,7.4,4,weak,0.875,2026-08-01T18:07:23Z
88117,2026-08-01,21:42,Limerick,9,5,MOYBELLA BIGBOY,0.1176,8.5,5,weak,0.884,2026-08-01T18:07:23Z
88117,2026-08-01,21:42,Limerick,9,6,VIGOROUS FERRY,0.0429,23.32,6,weak,0.911,2026-08-01T18:07:23Z
88090,2026-08-01,21:44,Curraheen Park,8,3,FAYPOINT HARVEY,0.4618,2.17,1,strong,0.929,2026-08-01T18:07:23Z
88090,2026-08-01,21:44,Curraheen Park,8,1,PARKVIEW CASH,0.2534,3.95,2,strong,0.929,2026-08-01T18:07:23Z
88090,2026-08-01,21:44,Curraheen Park,8,6,CLONAVANNY BOBBY,0.0935,10.69,3,strong,0.866,2026-08-01T18:07:23Z
88090,2026-08-01,21:44,Curraheen Park,8,5,BOYLESPORTS PAUL,0.0809,12.35,4,strong,0.866,2026-08-01T18:07:23Z
88090,2026-08-01,21:44,Curraheen Park,8,4,SENAHEL KATIE,0.0739,13.52,5,strong,0.929,2026-08-01T18:07:23Z
88090,2026-08-01,21:44,Curraheen Park,8,2,ROSEBANK BEN,0.0364,27.5,6,strong,0.911,2026-08-01T18:07:23Z
88213,2026-08-01,21:46,Tralee,9,5,MILLRIDGE JASON,0.3095,3.23,1,avoid,0.848,2026-08-01T18:07:23Z
88213,2026-08-01,21:46,Tralee,9,3,SLIPPY BERNARD,0.277,3.61,2,avoid,0.848,2026-08-01T18:07:23Z
88213,2026-08-01,21:46,Tralee,9,4,SALEEN ZOOM,0.1446,6.91,3,avoid,0.875,2026-08-01T18:07:23Z
88213,2026-08-01,21:46,Tralee,9,2,MYAHS ROCKET,0.0911,10.98,4,avoid,0.955,2026-08-01T18:07:23Z
88213,2026-08-01,21:46,Tralee,9,6,STAYAWAY JACK,0.0905,11.05,5,avoid,0.839,2026-08-01T18:07:23Z
88213,2026-08-01,21:46,Tralee,9,1,INGLEWOOD HOUSE,0.0872,11.47,6,avoid,0.795,2026-08-01T18:07:23Z
88097,2026-08-01,21:50,Drumbo Park,6,5,PHARIS PEAK,0.3484,2.87,1,moderate,0.946,2026-08-01T18:07:23Z
88097,2026-08-01,21:50,Drumbo Park,6,2,CLUENDARBY JET,0.2035,4.91,2,moderate,0.911,2026-08-01T18:07:23Z
88097,2026-08-01,21:50,Drumbo Park,6,4,MARINAS ROCKET,0.124,8.06,3,moderate,0.857,2026-08-01T18:07:23Z
88097,2026-08-01,21:50,Drumbo Park,6,3,MEENAGH MECCA,0.1151,8.69,4,moderate,0.929,2026-08-01T18:07:23Z
88097,2026-08-01,21:50,Drumbo Park,6,1,FLOPTURNRIVER,0.1134,8.82,5,moderate,0.929,2026-08-01T18:07:23Z
88097,2026-08-01,21:50,Drumbo Park,6,6,EAGER BEAUTY,0.0957,10.45,6,moderate,0.938,2026-08-01T18:07:23Z
88108,2026-08-01,21:50,Dundalk Stadium,9,2,KILCARN CHLOE,0.2474,4.04,1,avoid,0.946,2026-08-01T18:07:23Z
88108,2026-08-01,21:50,Dundalk Stadium,9,1,RAVENSWOOD CASS,0.2064,4.85,2,avoid,0.902,2026-08-01T18:07:23Z
88108,2026-08-01,21:50,Dundalk Stadium,9,4,CAGEY BILLY,0.1786,5.6,3,avoid,0.938,2026-08-01T18:07:23Z
88108,2026-08-01,21:50,Dundalk Stadium,9,3,BLUE RINSE,0.135,7.41,4,avoid,0.938,2026-08-01T18:07:23Z
88108,2026-08-01,21:50,Dundalk Stadium,9,5,BALLYROE OBOE,0.1226,8.16,5,avoid,0.911,2026-08-01T18:07:23Z
88108,2026-08-01,21:50,Dundalk Stadium,9,6,CRAFTY ELEGATTO,0.11,9.09,6,avoid,0.946,2026-08-01T18:07:23Z
88127,2026-08-01,21:50,Waterford,10,4,RAINS PHIA,0.286,3.5,1,weak,0.946,2026-08-01T18:07:23Z
88127,2026-08-01,21:50,Waterford,10,1,SLANEYSIDE SOLAS,0.2103,4.75,2,weak,0.964,2026-08-01T18:07:23Z
88127,2026-08-01,21:50,Waterford,10,3,NANS SPARROW,0.1633,6.12,3,weak,0.973,2026-08-01T18:07:23Z
88127,2026-08-01,21:50,Waterford,10,2,COSY BRIDIE,0.1352,7.4,4,weak,0.955,2026-08-01T18:07:23Z
88127,2026-08-01,21:50,Waterford,10,6,BOSHEEN ROCKET,0.112,8.93,5,weak,0.964,2026-08-01T18:07:23Z
88127,2026-08-01,21:50,Waterford,10,5,BONNIE COOKIE,0.0932,10.73,6,weak,0.955,2026-08-01T18:07:23Z
88195,2026-08-01,21:54,Shelbourne Park,10,1,GROUCHOS CHIEF,0.2441,4.1,1,avoid,0.839,2026-08-01T18:07:23Z
88195,2026-08-01,21:54,Shelbourne Park,10,6,PRICELESS ROMEO,0.2309,4.33,2,avoid,0.902,2026-08-01T18:07:23Z
88195,2026-08-01,21:54,Shelbourne Park,10,3,VIVARO WARRIOR,0.2194,4.56,3,avoid,0.884,2026-08-01T18:07:23Z
88195,2026-08-01,21:54,Shelbourne Park,10,5,A CHARDA,0.1241,8.06,4,avoid,0.92,2026-08-01T18:07:23Z
88195,2026-08-01,21:54,Shelbourne Park,10,2,ROMEO ALLIANCE,0.0912,10.97,5,avoid,0.795,2026-08-01T18:07:23Z
88195,2026-08-01,21:54,Shelbourne Park,10,4,LAMROCK ACE,0.0904,11.07,6,avoid,0.911,2026-08-01T18:07:23Z
88091,2026-08-01,22:00,Curraheen Park,9,1,SWORDS STYLE,0.3747,2.67,1,strong,0.911,2026-08-01T18:07:23Z
88091,2026-08-01,22:00,Curraheen Park,9,6,KNOCKALOUGH,0.1915,5.22,2,strong,0.866,2026-08-01T18:07:23Z
88091,2026-08-01,22:00,Curraheen Park,9,2,DESERT FLOWER,0.1552,6.44,3,strong,0.902,2026-08-01T18:07:23Z
88091,2026-08-01,22:00,Curraheen Park,9,5,TITANIC BRADS,0.1014,9.86,4,strong,0.92,2026-08-01T18:07:23Z
88091,2026-08-01,22:00,Curraheen Park,9,4,IN THE SUNSET,0.0944,10.59,5,strong,0.848,2026-08-01T18:07:23Z
88091,2026-08-01,22:00,Curraheen Park,9,3,COSMIC VIEW,0.0828,12.08,6,strong,0.911,2026-08-01T18:07:23Z
88098,2026-08-01,22:05,Drumbo Park,7,2,HIGHVIEW CONOR,0.2862,3.49,1,weak,0.848,2026-08-01T18:07:23Z
88098,2026-08-01,22:05,Drumbo Park,7,5,FINTONA BIDDY,0.2274,4.4,2,weak,0.893,2026-08-01T18:07:23Z
88098,2026-08-01,22:05,Drumbo Park,7,3,ROSEVILLE TAZ,0.1844,5.42,3,weak,0.946,2026-08-01T18:07:23Z
88098,2026-08-01,22:05,Drumbo Park,7,6,DERRYLOY,0.1519,6.58,4,weak,0.929,2026-08-01T18:07:23Z
88098,2026-08-01,22:05,Drumbo Park,7,4,FALSE IMPRESSION,0.1297,7.71,5,weak,0.946,2026-08-01T18:07:23Z
88098,2026-08-01,22:05,Drumbo Park,7,1,BRETON PERCY,0.0204,49.06,6,weak,0.911,2026-08-01T18:07:23Z
88128,2026-08-01,22:05,Waterford,11,4,CRACK ON SADIE,0.3149,3.18,1,weak,0.955,2026-08-01T18:07:23Z
88128,2026-08-01,22:05,Waterford,11,3,ROCKMOUNT REBEL,0.236,4.24,2,weak,0.964,2026-08-01T18:07:23Z
88128,2026-08-01,22:05,Waterford,11,2,NAMETAB SKYLARK,0.1752,5.71,3,weak,0.964,2026-08-01T18:07:23Z
88128,2026-08-01,22:05,Waterford,11,1,TYCOON FOTA,0.1569,6.37,4,weak,0.964,2026-08-01T18:07:23Z
88128,2026-08-01,22:05,Waterford,11,6,GREENHALL WIGWAM,0.0635,15.75,5,weak,0.946,2026-08-01T18:07:23Z
88128,2026-08-01,22:05,Waterford,11,5,LARK ASCENDING,0.0534,18.71,6,weak,0.929,2026-08-01T18:07:23Z
88099,2026-08-01,22:20,Drumbo Park,8,3,SUNNYSIDE AOIFE,0.2684,3.73,1,weak,0.92,2026-08-01T18:07:23Z
88099,2026-08-01,22:20,Drumbo Park,8,1,LISNAKILL ROSSA,0.2112,4.73,2,weak,0.866,2026-08-01T18:07:23Z
88099,2026-08-01,22:20,Drumbo Park,8,4,KLASSY SHOE,0.1721,5.81,3,weak,0.946,2026-08-01T18:07:23Z
88099,2026-08-01,22:20,Drumbo Park,8,5,BOCKOS ADELE,0.1196,8.36,4,weak,0.857,2026-08-01T18:07:23Z
88099,2026-08-01,22:20,Drumbo Park,8,6,GAMBLE FRANK,0.1158,8.63,5,weak,0.946,2026-08-01T18:07:23Z
88099,2026-08-01,22:20,Drumbo Park,8,2,ELLEBELL,0.1128,8.86,6,weak,0.938,2026-08-01T18:07:23Z
88129,2026-08-01,22:20,Waterford,12,3,DELLSER JACK,0.3505,2.85,1,moderate,0.938,2026-08-01T18:07:23Z
88129,2026-08-01,22:20,Waterford,12,6,ROCKMOUNT STELLA,0.2146,4.66,2,moderate,0.92,2026-08-01T18:07:23Z
88129,2026-08-01,22:20,Waterford,12,1,DARING DIAMOND,0.1879,5.32,3,moderate,0.911,2026-08-01T18:07:23Z
88129,2026-08-01,22:20,Waterford,12,2,COSY TIGER,0.1385,7.22,4,moderate,0.938,2026-08-01T18:07:23Z
88129,2026-08-01,22:20,Waterford,12,5,DARBYSTOWN ED,0.0624,16.02,5,moderate,0.929,2026-08-01T18:07:23Z
88129,2026-08-01,22:20,Waterford,12,4,TRIANGLE BRANDO,0.046,21.72,6,moderate,0.92,2026-08-01T18:07:23Z
